step,S,A,E,I,Q,R,T
1,18,518,7952,379,147,61,1164
2,50,154,6811,1791,155,70,1109
3,53,0,5701,2902,238,105,1054
4,64,2,4673,3716,372,136,979
5,46,2,3843,4287,537,201,934
6,54,1,3154,4682,729,253,878
7,44,0,2655,4886,908,321,836
8,41,0,2205,5030,1080,403,806
9,49,3,1788,5086,1259,509,769
10,45,0,1470,5075,1450,604,735
11,40,2,1227,5026,1580,725,698
12,47,3,1018,4922,1721,837,668
13,50,3,889,4744,1872,940,633
14,54,4,756,4616,1991,1036,599
15,58,3,659,4446,2087,1134,565
16,51,5,575,4310,2155,1232,540
17,52,5,511,4139,2204,1366,516
18,49,2,478,3917,2294,1486,491
19,48,2,439,3736,2384,1560,468
20,50,1,395,3611,2393,1666,441
21,62,2,374,3444,2416,1765,417
22,46,3,362,3279,2445,1873,407
23,53,3,330,3158,2419,1988,389
24,50,2,306,3040,2417,2073,376
25,62,1,295,2894,2427,2143,358
26,52,4,290,2757,2416,2243,353
27,66,1,288,2638,2370,2343,331
28,63,2,293,2505,2376,2402,320
29,66,0,301,2387,2331,2500,309
30,63,5,316,2273,2312,2562,298
31,74,9,324,2178,2288,2610,282
32,58,3,336,2099,2265,2675,272
33,59,3,333,2035,2217,2732,262
34,78,2,323,1949,2220,2756,247
35,62,3,329,1892,2191,2781,249
36,65,4,327,1812,2158,2832,243
37,81,5,327,1737,2121,2877,232
38,58,6,346,1668,2095,2913,235
39,62,3,346,1603,2058,2952,228
40,72,3,340,1563,1984,3000,219
41,62,2,339,1525,1946,3010,226
42,76,3,336,1494,1896,3036,210
43,54,6,340,1442,1863,3061,212
44,74,2,322,1417,1805,3074,210
45,70,3,329,1379,1762,3084,208
46,73,4,320,1339,1744,3095,200
47,68,2,328,1301,1706,3089,202
48,82,4,336,1274,1672,3077,194
49,66,4,342,1255,1650,3073,189
50,64,2,342,1232,1623,3076,184
51,78,1,338,1206,1579,3078,183
52,56,2,347,1192,1527,3104,182
53,82,4,325,1177,1493,3074,176
54,74,6,343,1150,1471,3054,172
55,52,7,339,1135,1437,3077,169
56,81,4,328,1121,1387,3079,158
57,67,2,344,1103,1377,3054,158
58,81,4,344,1082,1340,3041,152
59,74,5,352,1068,1316,3009,151
60,71,3,358,1056,1281,3001,149
61,63,3,365,1035,1262,2990,151
62,76,3,367,1026,1244,2958,144
63,52,2,368,1010,1233,2948,142
64,50,3,348,1011,1211,2950,136
65,68,4,322,1022,1180,2928,128
66,68,4,314,1040,1152,2901,128
67,62,8,316,1049,1110,2881,129
68,70,6,315,1045,1094,2864,126
69,60,6,318,1038,1080,2853,125
70,40,4,319,1021,1054,2860,132
71,68,4,303,1003,1042,2833,122
72,54,4,319,994,1043,2798,120
73,59,3,309,1003,1026,2774,118
74,66,3,308,984,1025,2751,116
75,69,2,317,970,1004,2730,108
76,61,4,309,979,986,2708,106
77,46,3,317,957,982,2683,107
78,55,4,302,934,1000,2658,104
79,52,4,289,943,979,2636,98
80,53,3,298,926,977,2620,94
81,62,3,299,921,951,2603,87
82,62,2,299,909,944,2579,85
83,61,2,307,900,938,2550,85
84,55,3,313,897,929,2520,87
85,57,3,310,880,927,2493,87
86,54,3,305,893,894,2490,85
87,44,3,294,901,876,2490,87
88,53,3,289,892,876,2452,88
89,64,3,276,893,879,2407,85
90,64,4,286,900,866,2379,84
91,53,3,294,898,858,2351,85
92,42,1,307,868,855,2353,85
93,49,2,303,846,841,2346,82
94,50,1,297,831,846,2323,86
95,43,2,293,836,824,2310,89
96,48,3,295,824,822,2291,92
97,58,1,295,814,822,2272,91
98,38,0,307,805,801,2270,90
99,55,1,292,799,798,2238,89
100,45,5,278,797,792,2231,92
101,42,2,269,801,783,2220,92
102,48,4,258,797,779,2190,91
103,62,6,259,781,775,2155,86
104,57,3,270,778,756,2132,82
105,37,6,277,776,756,2123,82
106,42,6,269,778,756,2104,77
107,51,5,264,771,750,2089,73
108,45,2,273,769,748,2054,74
109,51,2,273,754,746,2034,74
110,40,4,268,752,745,2028,73
111,51,3,264,739,753,1999,68
112,48,3,275,732,736,1990,70
113,58,1,268,736,717,1969,66
114,39,4,280,735,705,1962,65
115,42,2,263,750,692,1941,65
116,32,2,260,747,688,1937,64
117,35,2,243,741,678,1939,63
118,40,1,243,734,675,1910,64
119,38,5,236,720,663,1905,64
120,43,3,239,700,672,1864,64
121,42,4,242,693,662,1849,67
122,45,2,239,688,660,1830,67
123,34,5,250,679,655,1831,65
124,37,3,244,679,647,1819,66
125,41,2,236,686,637,1793,66
126,31,3,230,682,629,1789,67
127,41,4,208,677,626,1774,66
128,42,5,222,657,622,1760,67
129,32,2,223,646,618,1748,74
130,42,1,213,638,613,1728,75
131,35,7,197,648,606,1727,73
132,43,1,194,640,608,1705,72
133,29,3,196,618,632,1687,72
134,33,3,198,607,628,1679,71
135,31,3,191,604,624,1675,68
136,28,2,195,602,610,1667,70
137,35,2,190,588,607,1651,74
138,41,1,190,591,591,1640,73
139,38,0,186,592,596,1617,77
140,39,4,184,594,584,1593,76
141,30,2,205,578,573,1579,76
142,35,2,203,570,570,1574,70
143,37,6,203,574,564,1553,70
144,31,1,213,571,552,1548,68
145,32,3,210,564,561,1535,71
146,37,1,214,568,550,1522,67
147,34,2,216,566,545,1509,66
148,32,2,210,568,543,1488,65
149,35,2,212,568,523,1484,68
150,44,1,221,545,530,1459,67
151,30,2,222,540,527,1467,65
152,38,3,221,537,528,1442,62
153,30,3,234,537,511,1431,58
154,39,3,215,551,500,1411,55
155,33,3,217,552,501,1388,58
156,35,2,212,532,506,1383,57
157,29,2,213,547,500,1362,57
158,25,3,211,543,492,1354,59
159,28,0,204,545,500,1339,56
160,24,7,196,544,498,1326,57
161,29,3,194,527,500,1318,56
162,17,1,183,531,499,1309,59
163,38,2,177,517,485,1301,59
164,26,2,188,506,484,1294,60
165,27,5,176,498,482,1294,66
166,42,5,178,496,471,1283,65
167,25,4,181,502,470,1264,68
168,29,1,172,513,454,1259,68
169,27,2,168,512,453,1256,62
170,35,3,172,502,450,1233,62
171,43,1,180,497,440,1212,61
172,26,6,184,499,421,1213,63
173,21,3,183,490,425,1201,64
174,29,0,175,492,421,1186,64
175,32,1,175,498,413,1175,63
176,24,1,190,498,417,1158,62
177,22,3,185,502,409,1150,62
178,22,3,183,503,400,1153,64
179,29,5,166,512,393,1150,62
180,28,2,164,525,378,1147,61
181,27,2,163,519,383,1134,60
182,26,1,163,516,379,1132,61
183,22,5,157,508,380,1128,64
184,28,2,152,508,384,1112,61
185,31,1,154,492,395,1096,58
186,20,1,162,485,401,1083,57
187,23,1,158,477,404,1075,54
188,23,4,157,469,414,1071,53
189,23,1,170,454,410,1076,54
190,19,2,157,453,418,1069,57
191,24,3,153,456,411,1067,51
192,30,5,158,441,402,1057,51
193,23,3,162,443,400,1053,53
194,24,3,164,437,395,1037,54
195,23,1,168,438,386,1036,53
196,22,1,166,439,390,1028,52
197,20,3,152,450,385,1033,50
198,20,1,162,446,380,1028,49
199,18,0,167,441,371,1033,50
200,24,1,158,447,370,1015,53
201,21,1,159,451,357,1012,55
202,23,0,151,457,351,1008,51
203,27,3,150,463,347,990,52
204,20,6,150,471,345,982,53
205,21,5,146,465,352,976,55
206,26,3,152,464,357,956,58
207,26,5,163,449,357,954,56
208,24,0,169,439,365,941,55
209,17,3,159,445,376,922,53
210,18,3,168,435,375,918,51
211,16,1,156,441,375,921,49
212,26,3,154,438,366,919,50
213,16,4,156,437,372,911,50
214,20,2,154,440,368,906,51
215,18,1,152,432,372,903,52
216,13,2,147,437,362,906,50
217,23,1,145,437,365,899,47
218,26,2,153,428,380,878,43
219,23,0,158,432,375,864,43
220,20,0,157,423,373,866,47
221,15,0,162,415,371,872,48
222,23,3,154,412,365,855,47
223,19,1,155,401,378,851,48
224,25,2,142,416,384,832,52
225,17,3,136,413,385,844,52
226,19,1,136,407,380,838,53
227,19,1,137,408,373,837,50
228,22,0,151,392,370,831,49
229,17,2,145,399,362,837,49
230,23,1,138,401,359,834,45
231,14,3,143,399,358,830,48
232,29,3,141,392,356,814,49
233,23,3,149,390,352,807,46
234,16,3,152,393,350,797,43
235,11,2,145,400,353,803,42
236,19,1,133,399,353,795,43
237,19,2,138,391,346,796,43
238,23,1,142,391,343,784,40
239,15,2,139,392,348,782,43
240,16,1,134,391,344,787,43
241,14,2,120,397,339,789,43
242,17,1,120,391,340,785,46
243,20,1,115,402,330,780,45
244,25,1,119,399,325,766,46
245,20,2,121,393,312,767,52
246,17,0,128,388,307,760,54
247,10,0,128,388,310,753,53
248,14,1,110,390,310,754,56
249,15,1,118,379,310,754,55
250,13,1,116,372,312,756,52
251,22,2,113,356,313,755,51
252,19,4,117,357,314,742,49
253,29,3,122,342,330,726,47
254,24,1,133,339,333,709,47
255,19,2,134,341,323,710,45
256,22,1,128,337,322,707,41
257,15,1,127,344,312,708,39
258,14,1,121,347,301,717,40
259,11,1,120,337,304,720,41
260,15,1,113,326,310,711,38
261,19,3,109,321,302,707,40
262,9,2,107,321,301,719,39
263,16,1,94,324,291,720,41
264,13,1,105,309,286,729,43
265,19,1,101,307,277,730,43
266,23,0,104,307,277,713,42
267,15,2,106,318,270,715,41
268,13,4,120,312,263,712,38
269,19,5,118,310,263,707,42
270,15,2,124,314,261,704,41
271,21,1,128,318,257,694,41
272,13,1,130,317,255,690,42
273,14,1,126,317,262,683,42
274,14,2,113,318,252,689,46
275,12,2,118,312,245,694,47
276,17,3,117,308,242,696,44
277,16,2,124,317,232,691,45
278,18,3,129,312,230,692,40
279,18,1,124,320,231,681,42
280,14,1,125,328,233,672,43
281,12,0,131,320,232,676,42
282,13,2,126,312,242,674,42
283,21,3,121,308,247,667,39
284,18,2,128,307,248,656,35
285,20,3,133,304,252,646,36
286,14,6,123,307,260,638,37
287,17,5,121,312,259,630,38
288,16,3,125,310,262,625,39
289,17,4,121,314,254,623,39
290,16,0,115,327,251,616,40
291,13,1,107,333,256,602,43
292,18,2,98,336,257,600,42
293,15,2,110,325,262,594,41
294,15,2,126,309,267,593,39
295,8,3,121,309,267,602,36
296,9,3,111,318,261,603,36
297,13,3,113,308,262,608,35
298,10,5,125,290,269,605,34
299,12,1,120,292,266,604,36
300,17,0,114,300,264,597,37
301,16,1,116,299,269,585,36
302,10,2,104,296,275,586,40
303,13,0,106,285,269,596,37
304,8,0,96,290,270,594,39
305,19,1,94,285,274,585,38
306,16,4,101,283,265,587,38
307,18,10,93,284,256,592,34
308,16,5,102,286,254,589,37
309,20,5,107,282,251,587,36
310,12,4,113,280,245,597,34
311,18,2,122,268,255,585,32
312,14,3,125,275,249,583,36
313,19,3,125,271,251,571,37
314,5,0,126,286,243,576,39
315,9,0,109,297,236,588,38
316,20,0,112,289,237,584,32
317,10,3,113,284,242,585,33
318,15,0,103,292,235,584,32
319,10,0,110,290,236,586,33
320,11,2,102,286,248,579,35
321,10,2,97,290,247,579,34
322,13,1,95,294,241,579,34
323,9,0,105,286,240,581,34
324,12,1,100,289,240,573,36
325,12,0,96,287,247,567,37
326,14,1,92,289,246,564,34
327,8,0,94,281,248,567,34
328,17,2,93,270,237,569,32
329,14,6,99,259,236,569,31
330,12,1,99,267,234,565,36
331,14,1,96,281,225,566,37
332,15,3,97,275,231,563,36
333,8,5,103,270,227,572,36
334,16,2,107,275,222,566,37
335,10,1,111,266,218,577,43
336,14,2,117,270,221,572,42
337,19,2,122,272,214,573,36
338,7,1,118,286,209,579,35
339,21,0,107,281,216,566,33
340,16,0,114,287,217,557,36
341,13,3,114,285,219,557,35
342,17,2,110,274,225,554,33
343,11,2,114,269,227,559,30
344,15,1,118,265,226,557,32
345,12,1,119,260,230,555,31
346,14,1,106,266,233,550,34
347,15,1,107,273,234,546,32
348,10,1,100,277,233,548,33
349,7,0,104,281,231,546,33
350,16,2,98,280,236,541,30
351,14,3,92,294,233,532,30
352,10,3,93,292,234,532,36
353,8,3,84,297,231,535,37
354,15,2,81,295,230,526,34
355,13,1,82,292,233,525,33
356,15,1,81,296,234,519,32
357,16,2,90,288,232,517,33
358,10,0,94,290,233,513,34
359,11,0,88,289,224,515,34
360,8,1,84,283,220,519,36
361,4,1,90,272,222,523,37
362,9,1,77,273,223,525,34
363,17,2,82,259,227,514,34
364,8,3,88,262,224,518,33
365,12,2,92,266,224,505,33
366,12,3,97,266,225,504,34
367,8,1,104,259,228,503,36
368,11,1,96,256,226,506,37
369,8,0,93,253,225,510,37
370,15,1,84,263,225,503,39
371,14,0,83,261,218,508,41
372,19,3,88,251,221,506,40
373,16,3,100,254,217,501,39
374,12,2,104,248,207,512,38
375,14,0,103,243,206,512,39
376,19,0,106,244,207,498,37
377,14,1,105,253,201,495,38
378,9,2,106,251,199,496,38
379,13,3,104,253,196,490,36
380,15,3,99,255,194,494,37
381,6,6,96,255,198,490,38
382,17,2,89,246,200,494,36
383,7,2,88,251,195,496,37
384,8,1,89,249,192,495,37
385,9,2,94,244,196,491,37
386,17,3,98,241,200,484,37
387,15,1,107,243,196,478,37
388,9,2,103,245,193,480,37
389,12,3,96,242,191,479,37
390,10,5,100,245,186,479,37
391,13,1,101,254,186,477,35
392,11,0,102,262,185,474,37
393,9,0,107,249,192,468,34
394,14,0,100,257,195,457,35
395,13,2,99,264,195,455,35
396,12,2,99,265,192,453,34
397,13,3,101,256,202,452,35
398,13,4,94,255,207,453,33
399,13,0,106,252,205,459,29
400,5,0,104,261,206,456,29
401,14,0,97,263,205,450,27
402,16,0,98,257,209,453,29
403,9,3,88,264,210,446,31
404,9,4,83,265,214,444,29
405,9,3,91,268,213,435,32
406,9,0,99,263,210,436,34
407,11,1,98,270,211,433,30
408,12,1,94,270,209,432,30
409,8,0,89,276,211,430,31
410,11,0,87,277,208,438,28
411,9,1,91,271,212,440,30
412,13,2,87,273,208,438,32
413,12,3,86,270,211,437,34
414,9,3,102,263,218,431,35
415,20,2,104,262,224,417,32
416,11,1,104,249,233,415,35
417,13,0,106,256,231,412,34
418,7,0,105,248,222,428,33
419,10,3,103,244,228,424,31
420,7,4,108,244,222,434,31
421,7,2,95,256,222,433,34
422,9,2,79,268,212,441,35
423,7,4,72,269,210,447,35
424,10,2,81,263,206,451,33
425,11,5,83,241,223,449,32
426,13,3,89,241,214,448,31
427,9,1,81,255,210,449,34
428,11,1,93,251,204,449,30
429,16,0,91,246,213,440,28
430,14,4,91,243,219,433,28
431,9,4,95,239,215,439,27
432,10,5,88,244,223,432,28
433,8,3,92,242,221,437,28
434,9,2,83,243,224,432,31
435,10,3,80,242,229,431,30
436,12,2,78,237,230,428,28
437,8,1,89,238,225,430,27
438,8,4,88,237,223,437,26
439,10,2,97,231,221,440,24
440,7,1,95,235,221,442,25
441,8,1,99,234,212,447,25
442,8,2,101,241,208,449,26
443,12,4,101,236,210,444,26
444,6,2,109,237,208,442,28
445,7,3,100,250,198,447,29
446,12,3,95,249,202,444,28
447,9,3,99,244,200,446,27
448,11,3,96,245,204,438,30
449,13,2,95,252,201,431,28
450,5,1,99,253,205,434,28
451,4,3,96,247,202,442,27
452,12,2,79,263,205,430,27
453,10,2,80,261,203,432,23
454,10,3,75,260,211,429,23
455,13,3,78,251,213,429,24
456,12,3,89,240,215,424,26
457,11,3,89,245,215,423,24
458,10,2,91,246,211,424,23
459,10,1,99,233,221,424,22
460,13,3,96,240,223,419,24
461,10,6,100,236,220,422,22
462,5,5,102,235,216,429,24
463,9,3,100,235,223,423,20
464,10,3,100,231,225,420,20
465,11,3,101,229,220,420,20
466,13,2,98,229,215,422,19
467,8,3,95,231,218,422,18
468,13,1,94,235,221,413,19
469,9,0,93,233,214,420,20
470,9,1,81,242,208,423,19
471,8,3,81,242,213,419,20
472,9,3,87,241,213,415,24
473,7,3,84,238,216,412,24
474,7,3,86,230,209,421,25
475,6,2,93,226,204,425,26
476,12,4,96,226,195,421,26
477,13,1,95,225,195,421,28
478,10,0,85,234,190,422,33
479,10,2,86,234,186,426,31
480,14,1,89,227,187,424,29
481,13,2,89,230,188,417,29
482,7,2,86,230,194,419,30
483,8,0,78,234,185,423,30
484,12,0,81,224,187,426,30
485,13,3,83,215,189,425,29
486,15,1,87,217,184,429,26
487,12,2,99,219,177,429,28
488,11,0,99,218,169,426,28
489,10,0,94,217,177,425,31
490,7,2,88,221,176,432,31
491,11,2,83,222,175,432,31
492,10,1,88,216,180,422,30
493,15,2,85,225,178,418,27
494,12,2,90,236,174,416,25
495,8,1,80,237,183,415,25
496,10,0,88,225,191,412,28
497,8,1,89,231,182,420,28
498,5,1,92,234,183,421,26
499,10,0,94,235,176,423,28
500,10,1,87,235,185,421,28
501,7,2,96,224,191,415,28
502,8,4,91,233,186,416,32
503,13,5,92,227,179,419,37
504,11,2,100,220,185,414,40
505,17,1,101,217,187,409,35
506,9,0,102,225,187,407,31
507,11,0,100,221,193,401,32
508,6,1,99,226,187,405,33
509,10,1,86,225,195,402,32
510,15,1,83,227,201,393,28
511,14,3,86,223,200,392,28
512,5,2,89,222,203,392,31
513,11,1,86,228,201,382,32
514,7,2,89,224,201,386,36
515,6,2,87,214,209,394,33
516,3,2,84,219,207,400,34
517,8,3,77,223,200,409,31
518,11,1,87,219,193,406,32
519,7,2,90,214,201,403,34
520,6,1,93,211,193,414,34
521,13,1,87,215,189,411,35
522,9,5,83,228,185,410,33
523,12,1,91,229,182,405,32
524,11,0,95,227,183,405,32
525,8,2,90,236,175,409,31
526,8,2,95,231,175,409,30
527,8,1,94,239,168,411,29
528,14,0,91,239,177,399,29
529,8,2,90,245,177,396,30
530,8,2,86,248,178,395,28
531,13,2,83,245,173,392,28
532,12,1,92,246,171,389,26
533,7,1,91,244,176,391,25
534,10,1,87,247,172,391,22
535,7,3,90,246,166,395,21
536,9,0,88,239,174,395,23
537,5,3,87,236,174,401,23
538,7,0,88,235,174,406,22
539,6,1,81,232,176,406,22
540,13,1,82,235,175,401,18
541,6,0,90,231,173,400,17
542,7,0,86,230,180,399,21
543,7,1,85,235,172,397,21
544,4,1,77,243,170,403,23
545,10,1,80,232,170,409,21
546,5,3,87,228,175,404,23
547,10,1,89,226,170,403,24
548,8,1,94,220,174,405,28
549,4,0,97,219,170,406,30
550,5,0,88,225,169,403,32
551,11,0,83,222,178,400,29
552,12,0,91,218,173,401,28
553,11,0,85,215,174,403,32
554,10,0,83,220,173,406,35
555,8,1,85,213,176,406,37
556,18,3,75,217,179,400,31
557,11,2,82,218,179,395,33
558,9,2,83,216,173,397,36
559,10,3,82,219,169,394,39
560,9,4,85,221,173,391,40
561,14,4,93,215,167,392,39
562,11,6,100,211,172,390,39
563,7,2,102,213,180,390,38
564,14,2,97,219,176,384,35
565,8,1,98,228,176,383,37
566,12,2,93,226,178,381,39
567,7,4,95,229,176,384,39
568,11,4,88,234,175,379,38
569,11,4,92,231,176,387,36
570,7,3,97,231,181,389,36
571,8,5,88,239,177,392,34
572,8,3,88,248,173,388,32
573,9,2,88,244,172,390,34
574,8,1,86,241,178,387,37
575,11,2,79,243,182,383,37
576,6,1,86,238,185,388,39
577,8,1,77,244,184,391,38
578,6,2,77,234,191,392,37
579,5,1,72,242,192,388,40
580,11,1,70,247,185,388,38
581,8,2,77,245,187,389,39
582,10,3,75,249,186,386,38
583,11,1,75,245,186,385,37
584,8,0,79,238,190,386,36
585,6,2,73,244,194,385,39
586,9,2,71,246,183,397,36
587,4,2,69,242,190,397,37
588,9,0,74,231,186,405,34
589,5,3,73,232,186,411,33
590,12,2,76,233,185,411,29
591,10,1,84,228,188,413,29
592,10,1,80,235,192,407,26
593,9,2,78,231,195,411,23
594,12,2,81,223,200,402,25
595,16,4,87,217,198,397,23
596,14,3,103,211,196,391,25
597,9,1,120,211,193,387,27
598,6,1,118,216,194,388,28
599,8,2,103,227,191,388,28
600,12,2,93,235,197,384,29
601,9,5,91,232,203,382,29
602,12,1,93,234,199,380,28
603,7,2,97,231,197,386,26
604,4,3,92,232,200,386,28
605,9,5,81,236,199,388,25
606,13,2,82,239,201,381,29
607,15,2,85,235,203,374,30
608,6,3,81,244,207,375,32
609,7,3,83,242,203,378,31
610,5,2,89,243,197,380,33
611,4,1,82,251,190,384,33
612,11,3,76,259,189,378,31
613,12,3,90,245,198,374,31
614,8,2,89,242,205,375,30
615,6,1,100,235,213,373,30
616,11,1,96,242,209,372,30
617,15,1,94,243,207,364,32
618,19,3,94,242,210,359,33
619,4,2,99,232,216,366,34
620,7,2,86,226,219,376,37
621,9,1,92,227,216,379,35
622,6,1,91,234,208,387,33
623,13,2,79,248,208,377,29
624,8,4,83,245,205,379,29
625,10,2,88,235,207,383,25
626,8,2,83,243,199,387,26
627,4,2,79,244,199,391,27
628,8,1,71,250,195,387,26
629,16,0,70,250,193,382,23
630,13,3,80,242,202,364,22
631,7,1,93,233,205,370,25
632,9,2,83,236,199,372,26
633,13,3,86,232,196,371,26
634,12,2,92,227,198,368,29
635,9,2,91,231,187,379,29
636,2,1,84,236,184,388,29
637,11,3,74,236,187,381,29
638,13,3,81,225,198,372,32
639,6,3,92,218,197,373,31
640,6,3,84,222,199,375,32
641,9,2,84,212,199,382,30
642,6,3,81,215,190,392,31
643,8,3,73,224,188,396,27
644,12,2,82,213,186,398,27
645,5,0,88,207,186,401,30
646,12,0,83,209,185,398,31
647,8,2,80,207,181,402,31
648,9,0,84,202,187,402,31
649,15,0,90,200,180,395,30
650,8,0,102,189,180,397,32
651,10,1,90,196,178,391,30
652,11,1,81,207,173,391,30
653,8,1,86,207,169,392,33
654,10,0,83,211,173,389,35
655,10,2,79,217,174,384,37
656,8,2,86,217,171,381,41
657,9,3,86,218,172,383,39
658,10,1,92,216,167,384,37
659,13,2,91,217,170,378,33
660,9,1,91,216,172,378,33
661,8,4,95,216,171,376,34
662,6,3,97,216,174,379,34
663,12,2,84,225,173,380,32
664,12,4,90,226,176,373,28
665,7,3,90,229,177,378,27
666,12,3,89,232,175,374,24
667,9,6,93,229,175,373,23
668,13,5,98,221,177,374,22
669,9,1,101,221,181,372,26
670,10,1,94,224,185,371,28
671,12,1,95,224,185,372,25
672,12,1,95,231,177,369,26
673,6,1,100,231,179,367,27
674,11,1,90,236,185,362,27
675,7,3,92,238,182,365,31
676,8,3,85,238,185,360,31
677,4,5,88,236,181,365,32
678,6,1,84,236,178,370,31
679,8,0,87,231,182,370,33
680,8,1,87,226,185,370,34
681,7,0,83,226,185,369,35
682,8,2,68,235,183,371,33
683,15,1,71,239,181,364,33
684,7,0,83,232,178,372,35
685,11,2,79,228,187,370,36
686,13,0,97,219,189,366,35
687,9,0,99,222,191,364,36
688,6,0,105,221,189,367,37
689,6,1,92,227,194,368,40
690,15,1,87,229,193,368,35
691,12,3,94,227,194,364,36
692,10,1,92,229,197,363,35
693,7,2,96,221,205,364,33
694,7,4,91,226,202,369,34
695,11,2,86,229,203,369,32
696,7,2,83,233,201,371,32
697,7,1,82,238,192,377,30
698,6,1,78,240,187,384,31
699,9,1,82,227,189,390,29
700,7,0,80,222,191,392,29
701,13,2,82,217,199,388,25
702,7,1,85,226,195,386,23
703,8,2,86,225,195,381,23
704,8,2,87,230,193,383,23
705,6,2,89,230,197,382,24
706,6,3,93,229,186,388,25
707,12,1,89,227,186,384,26
708,6,3,85,237,184,382,26
709,8,2,89,237,182,378,27
710,20,0,87,241,184,368,26
711,8,2,98,243,185,369,28
712,10,3,94,246,185,359,31
713,4,3,93,251,182,364,31
714,8,3,96,244,196,360,31
715,6,1,96,249,192,360,32
716,8,1,91,246,195,360,31
717,9,3,86,252,191,365,32
718,7,2,93,242,189,367,35
719,11,3,90,238,187,363,35
720,11,2,93,239,189,362,33
721,7,1,90,239,195,364,33
722,9,2,92,239,192,369,36
723,14,1,96,241,187,372,35
724,10,3,92,245,189,373,34
725,9,3,93,245,190,373,34
726,11,1,88,242,196,373,35
727,10,1,91,238,202,369,35
728,14,0,98,238,203,364,33
729,7,1,103,229,203,365,34
730,14,2,102,224,202,370,32
731,8,2,101,232,198,375,29
732,9,1,92,230,199,379,30
733,13,1,89,225,199,381,31
734,15,1,88,231,198,373,32
735,5,2,95,221,202,379,35
736,7,2,86,226,199,382,38
737,5,3,90,219,205,386,37
738,10,2,91,219,203,386,33
739,10,3,94,206,206,389,31
740,10,2,91,211,199,394,33
741,11,4,95,219,196,394,31
742,7,5,95,221,186,402,32
743,14,1,98,220,186,399,27
744,11,1,104,224,183,398,26
745,11,1,108,231,181,392,24
746,11,2,106,241,181,390,25
747,9,2,90,247,189,390,24
748,5,1,92,251,189,394,25
749,7,0,93,246,192,395,27
750,6,1,96,242,193,399,30
751,11,0,89,250,194,397,29
752,16,2,85,250,195,398,27
753,8,1,90,252,190,402,26
754,9,3,84,256,185,406,24
755,12,1,80,259,183,405,25
756,10,0,87,252,185,404,26
757,11,3,83,250,184,408,22
758,6,2,80,256,178,412,25
759,3,2,73,251,183,414,28
760,6,1,62,253,185,416,30
761,6,1,62,245,191,416,31
762,6,3,64,242,188,424,33
763,17,2,56,238,188,425,32
764,8,0,65,237,186,424,33
765,10,2,73,230,185,423,32
766,11,1,75,235,182,420,30
767,7,1,80,229,187,418,33
768,8,1,82,227,187,420,34
769,16,2,78,231,192,411,29
770,8,4,84,225,200,410,29
771,7,2,86,224,205,413,28
772,8,3,79,228,195,416,27
773,7,2,77,224,197,417,27
774,4,2,77,219,196,419,30
775,6,2,77,207,206,420,28
776,10,0,80,210,201,417,28
777,13,0,80,211,202,409,27
778,10,5,82,216,200,405,30
779,14,3,91,213,196,403,29
780,7,3,93,220,198,400,29
781,11,3,96,222,198,390,30
782,8,2,100,218,199,397,29
783,5,3,97,218,201,407,28
784,4,3,86,233,187,415,28
785,8,1,80,231,188,419,27
786,10,2,86,231,184,422,26
787,12,3,93,226,187,418,25
788,11,4,95,226,187,415,24
789,4,3,90,223,191,425,24
790,13,2,78,232,188,423,25
791,13,3,83,226,187,421,22
792,12,3,88,231,187,415,24
793,7,5,94,228,189,410,23
794,13,5,87,236,186,402,23
795,11,3,85,244,178,398,24
796,10,0,91,239,179,397,24
797,12,0,85,235,186,392,24
798,8,2,78,241,185,396,26
799,8,5,71,241,186,398,25
800,8,4,73,236,189,404,22
801,8,6,81,235,192,402,18
802,13,3,91,230,198,394,18
803,10,3,93,241,198,386,17
804,7,5,86,250,201,380,17
805,8,4,91,248,199,380,19
806,11,5,92,252,200,381,15
807,5,7,92,252,196,389,16
808,2,2,89,253,194,398,18
809,9,1,77,253,196,400,18
810,8,0,85,231,204,400,18
811,9,2,91,227,205,401,17
812,13,1,83,235,196,398,18
813,9,1,84,237,186,405,17
814,13,1,81,241,180,402,18
815,9,1,86,236,180,405,22
816,9,5,92,228,183,409,23
817,6,2,102,220,178,409,24
818,7,1,99,219,180,409,25
819,11,0,100,210,186,406,26
820,9,0,98,213,185,407,25
821,7,1,94,214,192,404,29
822,4,1,92,210,197,406,31
823,8,2,79,215,198,407,31
824,6,3,83,210,199,414,29
825,10,0,89,216,190,416,28
826,11,1,75,226,187,412,27
827,8,1,73,233,182,413,29
828,12,0,70,228,183,407,29
829,16,2,74,230,179,400,28
830,12,4,91,226,183,396,28
831,9,3,99,226,179,399,29
832,8,2,98,231,180,392,29
833,7,2,90,228,181,394,29
834,6,2,86,231,178,400,29
835,9,1,87,229,178,398,27
836,15,1,85,236,169,394,29
837,9,2,91,234,176,391,31
838,6,2,93,237,175,393,28
839,8,2,88,243,175,388,27
840,14,3,84,237,181,382,26
841,7,3,85,235,186,380,28
842,11,2,77,235,182,379,26
843,13,0,78,232,183,380,25
844,9,2,77,233,177,384,26
845,13,1,82,233,175,380,28
846,6,2,88,232,175,380,33
847,16,1,81,232,176,373,31
848,10,1,80,223,190,377,28
849,9,3,77,222,181,388,29
850,3,2,87,226,174,393,32
851,4,2,79,238,173,395,32
852,6,2,75,235,177,400,34
853,12,0,73,234,178,398,30
854,10,1,71,240,176,399,30
855,13,1,76,232,175,395,29
856,6,3,78,235,166,406,28
857,9,1,74,239,168,409,28
858,12,1,78,237,177,403,26
859,8,0,86,237,171,409,24
860,5,1,87,238,174,410,24
861,12,0,89,225,182,408,24
862,13,2,89,227,184,403,23
863,10,2,92,231,182,402,25
864,10,2,85,239,182,399,27
865,13,2,92,237,174,400,26
866,8,0,98,240,165,409,25
867,15,0,97,237,169,402,25
868,6,0,100,237,174,400,28
869,7,1,91,245,178,395,26
870,10,3,89,244,184,387,27
871,10,1,92,250,181,385,27
872,9,2,91,255,178,390,24
873,12,1,95,254,179,384,23
874,6,2,99,255,180,385,23
875,7,2,94,257,172,391,24
876,8,1,90,252,174,391,28
877,9,2,94,241,179,392,26
878,9,1,99,237,178,394,27
879,18,2,101,242,175,382,26
880,6,2,116,235,184,380,25
881,12,0,107,249,180,378,24
882,6,1,98,259,179,378,23
883,15,2,85,258,186,374,24
884,6,1,89,256,190,377,24
885,9,0,92,255,187,379,26
886,10,2,93,259,176,384,26
887,11,2,102,258,185,378,25
888,9,1,106,256,194,377,24
889,9,1,90,271,197,377,25
890,9,3,92,268,200,381,25
891,9,3,88,272,200,384,21
892,7,0,93,265,208,385,23
893,6,1,91,259,212,393,24
894,9,1,92,262,205,396,23
895,5,0,93,265,203,400,24
896,7,1,95,257,201,405,23
897,10,1,86,257,198,414,22
898,12,1,85,257,192,418,19
899,9,1,83,249,190,420,22
900,7,0,95,238,187,425,24
901,10,2,90,241,195,419,24
902,11,4,86,239,200,416,24
903,7,1,91,232,199,422,25
904,10,2,90,224,202,421,25
905,6,0,87,236,194,430,25
906,10,0,82,239,190,433,25
907,15,1,79,246,181,433,24
908,9,1,80,245,181,433,25
909,13,2,82,236,191,427,28
910,12,2,90,238,184,426,27
911,13,0,86,245,183,419,29
912,10,2,93,238,183,423,31
913,14,3,93,239,181,419,29
914,8,1,94,235,184,419,28
915,6,1,89,231,186,421,31
916,12,0,83,232,187,413,33
917,13,1,83,235,192,402,31
918,12,0,94,236,198,389,34
919,9,1,91,238,198,393,31
920,10,1,87,244,198,386,32
921,13,2,91,239,194,392,29
922,11,1,95,236,189,390,29
923,10,1,93,239,191,384,31
924,10,3,84,253,185,383,31
925,5,4,84,252,187,382,29
926,11,2,85,240,195,383,25
927,9,2,93,241,188,388,25
928,6,2,101,232,199,388,24
929,7,1,92,233,191,396,26
930,9,0,94,229,189,399,28
931,10,0,89,235,195,389,30
932,5,3,79,247,189,391,30
933,10,3,77,246,192,390,28
934,8,5,86,242,190,393,30
935,6,2,89,245,192,396,31
936,10,2,85,242,196,398,31
937,8,0,90,246,188,404,32
938,6,2,92,239,190,405,34
939,12,2,86,236,193,404,33
940,9,2,81,244,192,402,34
941,13,1,81,250,188,398,31
942,4,2,92,246,189,401,31
943,12,2,87,249,187,398,31
944,7,1,95,241,188,394,33
945,8,1,97,238,189,401,31
946,12,2,89,244,188,400,28
947,5,3,86,248,189,407,28
948,8,0,79,250,188,408,29
949,8,0,80,248,190,402,30
950,10,1,78,246,185,403,33
951,11,0,80,243,189,398,32
952,5,0,81,246,191,396,32
953,13,1,75,250,189,390,31
954,10,2,83,249,194,387,28
955,9,4,85,247,186,391,28
956,8,5,83,248,187,390,28
957,13,4,81,252,187,390,27
958,8,2,86,250,186,397,28
959,5,0,92,239,191,397,33
960,15,0,86,243,197,387,32
961,9,2,83,246,199,387,35
962,8,1,84,241,210,385,35
963,6,1,83,231,217,392,36
964,5,1,74,228,215,394,37
965,12,0,72,226,215,393,38
966,13,1,75,220,218,394,36
967,5,1,76,223,219,392,39
968,7,3,71,229,208,398,38
969,7,3,67,230,209,397,39
970,12,3,70,226,203,402,39
971,11,0,76,226,197,401,40
972,5,2,74,221,190,411,41
973,9,3,70,226,182,416,42
974,14,3,72,224,187,412,37
975,9,3,82,218,194,408,39
976,8,3,90,216,201,403,41
977,6,3,79,230,193,408,41
978,9,1,90,231,188,407,43
979,6,1,87,237,188,411,41
980,8,1,90,238,186,412,39
981,12,1,93,233,189,409,37
982,9,2,91,236,195,412,31
983,9,0,92,235,190,412,29
984,11,0,91,235,194,410,28
985,9,1,89,240,197,407,28
986,10,1,88,238,193,412,28
987,13,3,85,227,204,409,27
988,11,3,91,224,201,407,30
989,13,4,92,225,198,404,29
990,10,2,98,232,196,403,31
991,11,1,97,240,200,400,31
992,13,2,97,241,194,402,29
993,14,1,99,248,193,393,26
994,12,1,109,248,198,388,22
995,9,2,100,263,194,389,22
996,10,0,101,261,199,385,23
997,13,1,101,256,201,387,24
998,9,1,99,257,207,382,25
999,5,1,107,260,208,383,24
1000,10,0,107,249,209,388,24
1001,9,0,90,254,211,392,24
1002,16,0,92,248,204,390,24
1003,8,1,100,246,198,398,24
1004,10,1,92,245,189,405,20
1005,4,2,94,246,188,405,20
1006,5,1,88,249,191,401,20
1007,5,0,88,242,195,403,22
1008,12,0,91,238,195,399,22
1009,8,2,96,238,194,403,22
1010,4,2,100,236,196,411,22
1011,11,2,91,243,197,403,22
1012,15,2,97,243,199,397,22
1013,8,3,92,247,194,403,27
1014,6,2,93,244,197,407,27
1015,12,3,86,239,206,404,26
1016,11,5,96,240,201,401,26
1017,10,4,95,247,189,402,29
1018,6,2,95,252,192,402,30
1019,9,0,87,258,187,406,28
1020,16,1,85,262,194,391,27
1021,9,1,88,258,195,393,31
1022,10,1,89,257,200,386,31
1023,8,2,90,249,209,385,31
1024,17,3,95,236,207,381,29
1025,7,2,100,238,205,388,30
1026,9,2,84,250,208,392,28
1027,10,0,86,248,211,396,28
1028,11,0,90,244,209,398,32
1029,11,0,85,246,202,399,33
1030,5,2,80,252,200,400,33
1031,10,1,81,244,200,399,32
1032,9,2,75,240,207,399,28
1033,4,0,76,234,207,408,29
1034,8,1,70,243,201,406,29
1035,16,1,72,237,203,398,29
1036,12,1,78,233,207,394,31
1037,18,3,81,237,200,384,32
1038,8,4,94,230,207,387,30
1039,3,2,105,234,207,388,29
1040,11,0,106,243,206,384,27
1041,8,2,102,248,194,400,25
1042,6,1,103,253,196,394,29
1043,5,0,92,259,195,397,30
1044,13,1,81,260,200,389,31
1045,13,1,85,254,207,385,29
1046,13,6,81,260,195,386,31
1047,12,3,86,250,195,392,30
1048,11,1,86,242,198,394,33
1049,13,1,85,243,196,393,38
1050,12,1,85,245,192,394,39
1051,3,3,91,239,188,407,38
1052,8,1,84,245,183,410,35
1053,11,2,88,230,195,410,36
1054,11,1,95,227,194,405,37
1055,12,1,95,229,195,396,37
1056,13,4,100,230,190,393,33
1057,8,2,104,236,189,396,35
1058,9,3,93,243,189,401,34
1059,10,4,89,241,197,397,33
1060,11,4,99,238,192,395,34
1061,10,2,96,235,190,405,32
1062,10,1,103,232,188,403,35
1063,13,3,98,245,186,402,35
1064,9,3,105,245,186,402,34
1065,13,2,96,251,185,399,34
1066,10,2,87,255,175,410,36
1067,13,1,94,258,179,400,35
1068,20,3,97,265,176,391,38
1069,8,4,110,269,171,390,38
1070,10,4,111,263,174,393,36
1071,5,3,97,265,175,399,36
1072,12,1,97,263,173,401,36
1073,12,2,97,267,172,398,34
1074,13,3,97,266,175,395,33
1075,9,3,100,264,182,396,32
1076,7,2,100,256,189,403,31
1077,10,1,101,253,186,406,33
1078,6,2,104,251,192,403,36
1079,9,1,100,250,199,401,35
1080,13,0,98,256,194,401,36
1081,9,1,112,249,194,404,36
1082,9,1,104,255,191,407,36
1083,11,0,99,259,186,412,33
1084,16,1,95,261,190,405,28
1085,14,3,103,249,199,406,26
1086,8,2,103,254,195,412,25
1087,9,0,101,255,195,415,23
1088,9,0,84,265,197,410,23
1089,7,0,90,264,190,414,25
1090,9,0,89,267,189,411,25
1091,8,1,77,272,192,413,24
1092,10,0,82,269,191,418,24
1093,6,0,95,263,189,414,25
1094,12,2,91,261,196,411,23
1095,6,1,96,249,207,416,22
1096,12,2,88,256,205,411,21
1097,14,0,94,254,210,401,19
1098,11,0,92,260,215,395,22
1099,12,1,90,264,215,391,23
1100,12,3,89,260,221,388,23
1101,9,6,89,255,226,385,24
1102,11,4,97,252,218,387,23
1103,8,1,107,247,217,390,22
1104,8,1,111,242,213,392,21
1105,14,1,109,248,213,386,20
1106,9,3,121,246,215,385,21
1107,9,2,119,246,220,380,22
1108,10,1,114,256,217,382,23
1109,11,1,109,250,219,387,23
1110,6,0,119,244,208,402,23
1111,16,0,106,253,214,395,23
1112,8,3,107,250,222,393,23
1113,7,3,98,260,208,404,25
1114,7,1,87,275,203,405,27
1115,7,3,86,268,208,400,26
1116,10,1,86,257,211,402,27
1117,5,3,88,249,213,402,29
1118,9,0,83,244,218,404,30
1119,7,0,84,244,217,407,31
1120,11,0,84,244,214,404,30
1121,8,1,85,247,210,405,29
1122,7,1,87,246,201,415,30
1123,7,0,83,245,199,419,31
1124,17,0,86,237,205,414,30
1125,14,0,89,234,200,417,27
1126,5,2,104,229,196,428,27
1127,10,2,101,220,196,431,25
1128,8,1,101,227,193,430,27
1129,9,0,101,239,190,423,27
1130,7,0,99,242,187,429,26
1131,8,2,100,235,190,432,26
1132,8,2,95,233,197,428,27
1133,7,2,96,236,199,430,28
1134,7,3,87,241,199,422,30
1135,7,0,87,249,201,416,31
1136,3,0,89,253,201,418,32
1137,8,2,77,244,208,416,30
1138,8,1,77,247,211,416,28
1139,12,0,77,240,217,410,29
1140,9,1,79,243,216,407,32
1141,4,2,81,244,224,402,36
1142,11,1,82,245,218,403,37
1143,10,0,92,241,219,403,35
1144,10,0,90,245,214,398,34
1145,2,0,96,247,205,408,35
1146,12,1,85,245,210,407,32
1147,8,3,89,244,207,414,30
1148,16,3,83,252,207,410,29
1149,10,2,93,256,202,409,31
1150,15,2,104,249,200,410,29
1151,5,4,109,245,204,415,31
1152,14,1,108,248,198,413,28
1153,9,5,111,252,197,414,24
1154,8,3,97,258,201,414,24
1155,10,1,104,252,193,417,26
1156,10,0,108,243,199,422,29
1157,10,0,113,240,205,424,28
1158,11,0,107,243,198,425,29
1159,10,1,97,251,196,421,32
1160,4,2,96,256,196,428,32
1161,8,2,91,251,202,428,32
1162,7,2,86,259,199,432,31
1163,11,2,94,248,201,441,28
1164,15,1,98,247,197,436,27
1165,8,0,100,246,202,430,28
1166,10,0,92,257,196,426,28
1167,14,1,97,263,193,421,24
1168,12,1,108,255,202,417,25
1169,16,1,111,253,205,406,25
1170,12,1,119,247,206,405,28
1171,8,2,110,251,204,412,28
1172,10,1,107,261,202,412,26
1173,8,6,109,260,208,411,26
1174,6,2,106,262,215,409,25
1175,3,1,104,270,210,416,24
1176,9,1,87,270,216,415,24
1177,7,1,82,267,225,417,24
1178,8,4,83,255,229,418,25
1179,11,2,84,256,228,414,27
1180,15,3,86,253,228,409,30
1181,6,2,93,248,228,415,30
1182,14,1,87,247,223,416,25
1183,8,0,105,235,225,420,27
1184,11,1,99,238,231,418,26
1185,10,2,91,237,236,416,29
1186,16,3,90,242,232,411,24
1187,6,3,88,246,233,411,26
1188,12,3,84,243,231,414,25
1189,13,5,80,245,230,407,27
1190,7,7,78,244,232,412,26
1191,7,1,96,236,228,422,24
1192,6,1,88,236,225,429,23
1193,14,1,71,256,215,433,26
1194,15,2,75,251,205,433,28
1195,8,0,85,249,192,446,30
1196,12,1,84,248,189,444,29
1197,13,0,79,254,189,436,34
1198,13,3,85,244,187,442,33
1199,9,2,88,246,190,438,35
1200,9,0,86,249,193,440,33
1201,8,4,84,242,199,434,33
1202,12,4,92,239,195,433,34
1203,15,0,102,243,198,426,32
1204,12,2,106,240,193,430,30
1205,7,1,107,241,194,429,30
1206,7,4,105,244,189,435,31
1207,6,1,98,259,187,433,30
1208,9,1,100,264,181,433,32
1209,5,1,110,254,188,433,33
1210,9,0,108,258,184,435,32
1211,11,1,113,257,185,436,34
1212,17,2,109,260,183,432,34
1213,9,1,108,262,192,430,33
1214,6,0,107,260,193,432,34
1215,9,1,98,261,200,432,33
1216,8,1,105,261,205,432,33
1217,12,1,105,251,210,433,34
1218,10,0,101,263,208,435,33
1219,8,2,93,257,219,434,32
1220,6,5,91,255,228,435,33
1221,15,3,82,254,234,430,31
1222,15,2,88,240,240,427,33
1223,12,3,98,240,241,423,31
1224,12,2,100,242,244,417,30
1225,11,4,96,244,240,419,31
1226,5,0,105,245,238,418,33
1227,8,0,99,252,229,423,34
1228,12,1,88,256,226,428,36
1229,9,6,82,263,216,430,38
1230,11,5,84,253,221,430,33
1231,6,3,88,251,219,432,39
1232,5,4,80,246,223,438,38
1233,11,2,78,242,222,434,38
1234,12,3,75,233,226,439,36
1235,11,1,82,240,216,437,35
1236,5,1,90,237,217,443,34
1237,10,0,101,230,215,439,34
1238,13,1,101,229,216,431,33
1239,10,3,104,230,216,433,33
1240,5,5,97,241,201,443,34
1241,11,2,96,243,195,446,34
1242,9,3,102,244,186,451,34
1243,7,1,104,251,180,453,32
1244,6,0,109,248,182,455,30
1245,13,0,101,257,186,451,29
1246,12,2,89,259,183,455,34
1247,11,2,93,263,182,457,33
1248,7,0,97,261,181,461,32
1249,8,1,91,259,190,454,33
1250,12,2,90,257,191,450,32
1251,10,3,86,253,191,454,36
1252,9,0,88,260,188,456,32
1253,12,1,92,254,193,449,32
1254,8,0,87,258,196,452,31
1255,10,0,83,253,194,457,31
1256,11,1,83,250,195,451,31
1257,14,1,82,250,196,435,32
1258,13,2,90,251,187,433,32
1259,8,1,91,250,186,431,34
1260,16,2,94,245,185,429,29
1261,12,0,97,243,187,425,29
1262,11,1,89,250,186,428,27
1263,9,1,92,250,184,432,27
1264,11,1,92,251,186,422,31
1265,13,1,98,254,186,419,29
1266,13,0,102,257,188,415,29
1267,8,1,97,268,186,417,32
1268,16,2,84,270,186,407,32
1269,6,3,81,270,188,413,32
1270,8,2,86,261,192,421,29
1271,10,4,77,264,190,422,29
1272,14,4,86,257,195,410,29
1273,12,2,98,254,202,403,28
1274,6,3,97,260,206,400,28
1275,14,1,99,258,205,396,29
1276,11,3,105,254,205,396,29
1277,5,1,100,260,209,396,30
1278,7,2,92,265,212,396,29
1279,12,3,87,265,216,395,29
1280,7,2,87,265,219,400,28
1281,5,2,93,265,222,391,28
1282,6,2,92,261,222,395,32
1283,10,0,99,253,223,395,32
1284,15,1,93,262,224,387,32
1285,8,1,91,259,221,394,35
1286,14,1,85,259,222,394,32
1287,10,2,94,251,222,397,33
1288,12,0,93,249,222,398,35
1289,8,0,88,252,215,401,34
1290,9,2,84,244,220,402,32
1291,12,2,86,240,221,398,32
1292,7,1,89,238,216,400,33
1293,10,0,85,234,224,392,33
1294,8,1,90,224,224,394,35
1295,10,1,80,231,229,390,36
1296,7,2,75,230,224,397,35
1297,14,2,73,231,220,395,32
1298,12,1,83,225,220,395,34
1299,10,2,79,235,217,398,34
1300,11,2,81,231,214,402,34
1301,14,2,82,234,219,391,34
1302,10,5,83,240,217,390,34
1303,12,4,82,242,221,386,32
1304,4,2,92,237,213,396,32
1305,7,2,80,245,213,393,33
1306,6,3,75,247,211,396,33
1307,8,2,71,241,214,398,31
1308,9,0,68,242,216,397,33
1309,7,0,68,243,211,400,32
1310,11,0,72,238,206,401,33
1311,4,2,84,233,207,407,32
1312,6,1,80,230,204,415,31
1313,11,0,79,232,210,413,31
1314,9,0,92,227,206,411,33
1315,14,1,86,226,208,410,34
1316,11,4,88,228,208,411,34
1317,9,2,92,224,205,415,34
1318,16,4,87,228,206,410,36
1319,11,1,100,225,208,405,33
1320,8,2,97,225,209,402,31
1321,8,4,93,217,216,400,30
1322,13,4,96,215,219,394,31
1323,10,3,95,223,212,399,33
1324,13,2,97,215,215,397,34
1325,4,3,91,224,209,402,35
1326,15,2,89,228,207,401,27
1327,11,1,90,235,204,405,25
1328,9,2,89,235,203,405,28
1329,8,1,92,229,199,413,30
1330,14,2,91,223,204,407,29
1331,5,3,98,217,211,406,29
1332,13,1,93,219,203,406,31
1333,17,1,101,226,202,397,28
1334,9,4,107,222,201,405,28
1335,11,4,110,226,194,408,28
1336,10,3,99,243,194,408,28
1337,9,4,97,243,191,411,30
1338,6,4,104,237,190,416,28
1339,7,4,96,230,200,410,28
1340,10,3,105,223,201,412,26
1341,6,1,104,227,194,414,25
1342,11,1,104,210,195,423,23
1343,5,4,103,201,202,421,24
1344,11,4,102,210,194,418,26
1345,9,4,102,216,189,414,30
1346,8,6,101,214,191,416,30
1347,9,6,103,211,182,423,30
1348,11,4,102,220,180,423,29
1349,11,0,105,219,179,424,28
1350,8,0,101,226,177,430,25
1351,8,1,99,230,174,429,25
1352,8,0,92,240,173,429,25
1353,12,1,93,236,177,424,24
1354,8,1,99,227,186,417,26
1355,19,2,93,234,186,407,26
1356,8,3,101,233,192,401,27
1357,8,2,99,231,192,405,26
1358,8,3,93,243,188,409,25
1359,8,3,97,239,191,401,27
1360,10,2,97,232,190,406,26
1361,11,2,97,242,186,400,25
1362,8,2,99,245,183,397,27
1363,8,2,88,247,190,394,29
1364,11,0,94,244,194,393,25
1365,11,1,86,255,188,390,27
1366,9,2,95,246,193,387,30
1367,11,0,96,246,190,388,32
1368,10,1,87,251,190,390,32
1369,5,0,90,240,190,399,36
1370,6,0,85,234,190,404,38
1371,7,0,79,235,187,409,38
1372,11,0,76,241,186,408,33
1373,6,0,85,233,190,409,35
1374,9,1,77,237,189,411,33
1375,8,2,76,242,189,410,36
1376,11,2,74,245,196,404,35
1377,10,1,82,228,202,400,40
1378,13,2,89,229,201,392,41
1379,11,0,103,225,199,392,37
1380,8,0,96,234,201,392,37
1381,8,1,88,236,201,396,36
1382,7,0,92,234,197,405,33
1383,16,0,94,231,195,399,33
1384,10,0,97,240,198,394,34
1385,11,2,87,251,196,398,31
1386,8,1,87,245,200,402,32
1387,8,1,93,245,198,402,33
1388,11,1,90,255,192,407,30
1389,9,3,82,261,198,404,33
1390,12,2,98,262,194,402,30
1391,7,0,88,271,194,407,30
1392,8,0,84,273,192,408,27
1393,7,2,80,266,201,401,29
1394,11,1,85,258,204,398,27
1395,9,1,92,251,211,400,27
1396,14,3,85,260,202,399,28
1397,5,1,99,253,208,403,30
1398,6,4,99,242,210,406,29
1399,12,1,86,257,209,397,29
1400,6,1,84,260,207,403,32
1401,10,0,80,254,213,403,32
1402,11,0,83,256,212,400,30
1403,5,0,79,261,211,406,31
1404,6,0,82,253,203,411,33
1405,12,0,78,244,212,405,31
1406,11,1,81,241,205,408,32
1407,9,1,81,246,205,403,33
1408,9,1,69,253,201,401,37
1409,7,1,68,245,200,408,37
1410,7,0,73,239,200,410,39
1411,5,1,66,234,210,412,40
1412,8,1,61,232,207,414,36
1413,8,1,74,222,208,414,36
1414,9,3,78,212,213,419,35
1415,6,0,74,217,209,425,36
1416,12,0,71,220,203,427,38
1417,10,2,70,225,200,428,38
1418,13,1,78,220,196,426,36
1419,6,1,84,218,190,433,33
1420,12,1,79,218,184,425,31
1421,4,0,82,220,185,427,36
1422,12,1,83,216,180,428,37
1423,10,2,82,217,183,418,40
1424,14,2,77,219,182,413,43
1425,6,4,87,218,179,418,45
1426,11,4,87,215,186,416,42
1427,11,3,92,223,179,415,42
1428,10,0,103,217,183,414,39
1429,11,1,103,221,183,405,40
1430,6,1,96,228,186,403,40
1431,6,2,94,224,192,408,39
1432,12,2,85,229,196,404,38
1433,8,1,77,242,196,406,38
1434,10,0,76,238,202,403,33
1435,7,1,81,242,195,408,35
1436,11,1,67,247,198,404,36
1437,12,0,77,240,199,399,33
1438,9,2,81,242,193,404,32
1439,10,3,84,237,203,394,32
1440,12,4,87,236,208,384,33
1441,11,2,94,234,209,383,33
1442,13,2,95,228,216,383,30
1443,7,3,102,230,213,385,29
1444,6,4,107,230,211,386,28
1445,11,4,105,230,212,381,29
1446,12,3,108,240,209,377,29
1447,6,1,114,237,210,382,27
1448,12,0,105,237,208,389,25
1449,11,1,107,237,209,387,26
1450,4,0,102,248,211,388,29
1451,8,0,97,252,201,391,28
1452,6,2,96,249,197,393,27
1453,8,3,91,258,191,391,26
1454,5,0,87,266,185,401,24
1455,9,1,84,253,194,396,25
1456,9,0,85,251,193,397,25
1457,9,4,83,246,191,401,25
1458,11,2,83,245,196,395,24
1459,14,3,89,239,195,392,23
1460,10,0,97,242,192,391,26
1461,12,1,97,253,187,385,28
1462,7,1,91,255,186,384,35
1463,8,0,89,257,185,382,35
1464,8,0,82,259,186,386,34
1465,8,0,75,255,187,388,33
1466,6,0,82,245,189,388,35
1467,11,0,81,245,190,391,33
1468,7,1,85,248,188,393,33
1469,12,3,92,239,187,395,31
1470,8,3,84,243,191,392,33
1471,3,2,82,234,196,403,36
1472,9,0,85,235,188,400,34
1473,7,2,77,238,182,404,32
1474,11,2,76,237,184,393,31
1475,7,1,76,237,185,389,33
1476,4,2,73,230,189,396,33
1477,8,0,78,225,193,395,31
1478,9,2,71,237,189,397,31
1479,9,3,69,234,188,404,33
1480,6,1,74,227,193,404,32
1481,12,0,78,232,186,401,31
1482,12,0,75,241,185,399,31
1483,7,1,78,237,187,402,30
1484,7,1,80,231,191,403,28
1485,8,2,77,229,194,402,30
1486,11,1,80,221,196,398,31
1487,13,0,88,213,197,397,30
1488,11,1,90,217,192,398,30
1489,8,2,88,216,198,395,33
1490,13,2,86,216,199,396,32
1491,9,2,92,217,200,393,31
1492,7,3,90,221,195,396,30
1493,6,4,90,218,188,397,30
1494,11,3,78,224,187,396,26
1495,7,1,84,223,185,399,26
1496,8,1,82,226,173,409,23
1497,7,1,81,219,176,415,26
1498,13,2,86,218,171,414,25
1499,7,2,86,224,170,414,25
1500,8,2,76,228,170,422,21
