DateTime,Topology,BaselinePeakI,GwoPeakI,ReductionPercent,SelectedTNodes
2025-11-25 14:49:38,Mesh,20,1,95.00,"e89dbd15-aa13-410f-891c-80871c480dfe"
2025-11-25 14:58:57,Mesh,27,2,92.59,"00b0aa10-cd45-493f-9ce4-6cbd54be0a31"
2025-11-25 15:20:59,Mesh,32,1,96.88,"2d29765e-0c0b-4f93-9c65-f490f94a404a 991d5e8b-6f38-47cc-a014-9b27795de657"
2025-11-25 16:33:50,Mesh,4857,397,91.83,"af2f6a30-0955-4790-b81c-77c59d277b2c 33c579c9-7517-4e03-991f-d46af5aa4ee1 a6efeaa0-6da8-42c1-837f-0c231faa70a5 399e29c8-46b8-41f7-b70f-9757e1623331 5133ac00-8a37-4d32-b944-ff8834a65826 14627367-cd01-4426-805d-115fe1d854d3 0d13b50a-7556-4446-a522-5acbaef877e8 96ea5757-1811-4fc1-ad9e-db50d20263d9 867e4ca7-3d28-4327-a320-fc4da46ff8d4 bbaf18d8-d46b-4d67-af12-f8d6c16b21f8 9c7ff3cf-fe3f-40da-8e7a-ac9c59e0d916 143615c9-e9ed-47ca-a130-829193b3492b 56632bc8-cf01-4c89-a6fb-75431ab0c1f2 72dc4ae5-88be-47f2-a70b-15356908c4e8 c4e8b32a-eac0-48aa-9f6c-951a53913a0b 1c34ffee-e198-4ae1-b32b-8aa2dfd9dcc9 20102a7e-4ab0-4ee8-a191-872c72d0b9e3 e20a7038-b0cd-4f85-a7f1-9c39c538f904 d6b6ed02-8d93-40b1-8159-2cd402a955b4 f03989b4-ffc7-4eaa-9b65-09c98b773d78 7bfe7442-808c-40e7-8b61-67a2924f46e9 f628c9e8-27b8-4f56-aa1f-83b55e7a5f27 242e50a9-6fdd-4e00-8504-3ae3e97e5d19 9b70b081-39ce-4973-bc90-0158be22aa33 6acdae30-613c-45d8-b88f-afad9d39510b 39da3b7f-578c-45ab-9b48-6fb14c5c1863 2de3dbd8-2578-4059-819d-2e8fb80e81f7 e9d251a5-017a-42ae-9b0a-8499742f8c82 aec11b60-3740-483f-8aca-9296f7ebddd0 da56fe12-900c-4318-839a-5e322fe12bb6 cdd056af-6822-423f-bffb-211206a546c6 2b80682f-3465-4699-9dbb-0eea1d405b1d a3fc0418-d845-4907-b5d6-fa0a0b24e495 753b73b7-0299-4d9a-9b22-ec47df201a3e 95e22b6e-9987-49c5-8084-99a47e1899f8 c63e9bef-1a5c-4f77-8d87-db11c4b22c12 441dc776-974b-4df6-89d7-6ed818876fae 10cb83ab-7095-4e17-ab7d-35f800fb8ade 8f84187a-fe91-4d9a-b64e-da781ba6e384 b7277953-e951-42ab-b1ea-cfc227c37efe b0b177b5-8d53-4da1-9e5d-891ad93e314c ead48b66-125f-4cda-b732-a06a08f7dc2b d82d78b7-0066-4adf-96a7-e7ab58fbcc58 5379794d-0aa4-492a-a599-7074d08fa526 ebe48f6c-0392-4776-8ad7-c6cb60eb4eae ecea26fd-9f1c-49ec-8bf4-6b4f90758843 453fe8c2-73f4-49a5-ac92-b2072d08b5a3 44b58b78-2522-4dda-9eeb-44c3b031db80 0f5977ee-bc1d-45bb-ad2d-d78213599f33 cf08096d-2c2a-4d03-a530-d9624bebed77 a845cde2-ae22-4f7d-94f8-7fecbc0ea3a7 1085b7be-db39-47fa-bd21-12d8000a5b0b a132ae92-da8b-4504-99ef-95e072443615 99fcc1e7-afdd-46c9-bec6-23ea243ef910 8b49e90d-8cc7-4ad7-99e0-fdf23c4656d4 eddd8b70-b556-4f3a-99d0-96ca082bbb00 981a5dec-5938-4cd3-8a30-19380e4dfaba 90f04641-c2e5-4862-8394-dcf2cea7713a ff8accdb-7e2e-4aea-bde7-08b12359a044 be9a6622-7b0a-4efb-a102-ea0c7d96c269 9eed9842-2f95-44af-83e7-acf4f40b5c09 290a91bc-c030-47a2-ac3c-b118f8f547a9 84da4aa9-6be6-4f0d-b8fb-4e22943b64c7 fba023a7-844d-426c-825c-6af16fc1214a 9230e1e3-3c1f-401f-af0e-16814676eeec a3829d0a-d7ec-4709-9f67-6b3c92cb5538 93e5bd79-5095-4d50-9ffe-cb4ea1a683fa 80924eba-50fe-43b5-9822-e0d324ef89c4 f99f910a-2c0a-4402-a7df-d5967885b317 ff45aaec-27d5-4801-b89d-945a55eae96a 2278209a-6369-4f56-8488-c80562db2bd2 453750e1-c517-47dc-99c5-404e1e4e9d68 c2b2f1fa-d30d-4a0c-a01d-56ec6bb4a100 977e5d26-8e98-40e3-9013-81af98e24d06 41a93990-60ed-49ad-85d6-d8a16b4423de 247841a3-7ac2-41ea-a334-1f36b3bc05b4 916473e1-d5c4-40fd-9528-040d8dcedac3 4642415d-962f-4014-a5a5-4a050eb3e5a1 5fc182db-056b-4d86-be8c-c56807170350 0813ec05-0c92-4b0a-9542-771fad007487 e6b93c37-9d06-41f0-8c7f-9433c0195786 b37f2708-5e0a-4dd8-8f70-d62fddfc931b 27a52078-7ef7-4118-a817-9d620fbe140a 72680da1-e402-48f4-820c-04bdc33abc9e b9a80cda-c152-4290-828b-cae456d8f94e 44c884b8-5ebb-4370-a320-c491651ee448 91d502b7-c9b0-40aa-a8d0-b34e854e2259 40dc2aa0-4431-4b9b-87a8-7527ed5b7e01 62116cf1-c287-4b34-872a-a8d7514599f3 5dc99040-5f93-4dbb-ac34-cd2901c16ea9 79220c4c-a33f-4a5f-a315-bdb8bd00b216 6a8f01b0-09e0-49d2-9c51-b57d41b85182 eb89b0c0-7215-40ad-b8b9-cc3344b3c2f2 693c1ce9-de71-4311-9b1e-97e76968d260 0dbcb19a-fc83-4380-88ca-46c3c95d8473 5cd3de76-428a-4ba3-b3b0-2add75cc3cb1 66c98fb9-0979-433a-954f-3762d695f086 dcbbd8ba-031b-4c83-8a73-8be56000fe50 cbacb349-e19d-48e7-84c1-cc0a8e19c0c0 e3a24835-1bbd-47a7-9eec-56976d3eb36f 039a91c2-81c9-4410-ba34-0b9ea438d41e 9feabb4d-b20e-4e00-b785-a71259af36b5 5f2a99c7-12ad-43a4-8c11-d3df2ca2ce90 7ea75af4-6af1-4b49-aa35-071c09113700 98556f9d-39c2-45dc-a40f-3655fd165c63 b4e4fdcf-89aa-4093-89cc-97e4e7971263 0527daed-5eb5-466b-ab47-5d381a195e7c fef0e8ee-c2b3-403d-b154-e07ad56808b9 2ab49565-30e6-4382-97c9-368ddcda2a48 9043eef0-6e6e-4a9a-ba66-387c94f7ed96 a40e4250-aede-48ec-8802-0b5e56bc1e30 8ecd1246-53fa-4f97-995d-cab5fd1cddf8 138f91da-dcd2-4a06-b162-e94f635879d1 d7f66d0e-b808-4c83-8b74-25e3f493a60d 15912866-1a57-4db7-93a5-37890a337932 ef7ea635-636b-4e64-bab2-2e9a2bef45e3 57972b06-d069-4194-82f3-83197c984692 4a8a4b1b-7c3f-49d6-b657-3699e9ee4b3c 9fb44c70-7575-4a1b-9cf0-b5a16cf57e53 7acc2a4e-31ee-426a-b112-e8a9f3d4629b 10e361eb-7263-4b4d-9324-e0fa8d28d6b1 cc7ed6bf-d98a-469a-9bee-e830a0b3f8f6 abcb38b0-e1aa-43bc-a222-4540ee344c54 6146c26a-ed46-4542-976c-a96f234b3546 8b7107aa-4540-4078-8a3a-7fd01b856cf0 244eda09-476e-481b-9de9-6e82cf4874d5 5e506877-fe2d-4f3f-b957-ec67f2b1d88e d37d1000-cf9c-4a7e-b12e-82d4d5eebd22 50dd4604-ada0-4bea-9a70-3de54e6e038d 45115c70-86a4-4b9d-8eda-9e5362cb9823 b6b55ce6-9995-49ae-b5b5-d794c97207f0 ee01a17f-dbbf-4ac6-89a5-9ae44f657e7b eda02384-ab28-4f9e-b4af-2b10d71cbb17 4f62125b-7e26-4a27-a226-4d78b94ea6cf d36a5477-bfc7-4728-b717-988321fde2b8 659de740-c956-4dc8-95a2-82d8180dfba7 491a1a2c-3f97-4058-9e24-719cbea34d97 4f05224b-df19-482c-a2a5-6be54d11b435 11aa6e13-d2da-445f-91a1-ed7c0fda94fe 6a1aef98-3ebf-4daf-bb0e-2929b81afc5e 999d54e3-2605-46c9-b833-7dbd7c7b3cab 53183bf4-a970-4353-bc67-12f3e0030155 44ff16cb-1d71-4afa-bc7b-17551ca59c84 b49235f2-0c17-466d-b5be-35162c777a20 90104a36-edae-407c-b6e0-9dbb82289bcb 9a901fb4-b7d7-430d-a2cd-9595ee092dfe a1ee7ff9-f8a5-4be8-a8da-a339c5a3ff98 3f639c2d-04ef-4533-8f58-becc172d5c1e cc7209e5-e7a4-4209-9c73-0de277683d0b cdd811b1-201e-427b-8ee2-eb56bf1e1110 b6f9b115-c244-43be-bba0-8e8bc7c6960a b23ef63c-8862-49e8-9192-3680ab8bfecf 5dba1f70-b45e-4422-86d3-ef3384811de6 aeafb9d7-a687-4fdb-a1d6-890b83563ecb a2327dac-06cd-4c41-b9d6-d2e8e5276b96 cca9aba0-ec33-498b-a74f-fdced1ecb9f3 83eeffde-7d81-4ec8-b079-c145484404e8 787d5733-8c0c-4656-9adc-454635568f2b 597c3d6d-fe1d-49c3-937e-251bbabd2390 1495ac07-f551-47a5-a061-957b91a84273 b61e64ec-2158-4709-85be-3c8e27f56391 245b829f-eb7e-4d54-b080-072ee095f351 0c78cdb2-4a0f-4306-9bc8-3fc2278a4e02"
2025-11-25 19:39:49,Mesh,4893,399,91.85,"26bd1193-0373-4936-9d58-be46ca9a946e 6e6d246c-1765-43dd-8fe7-bf11f423994b b580de0a-3166-49ea-83a4-ac8dbd2e8307 76b6d6be-4e2d-48ef-88ca-b82a58fd547d fa3d8329-6a9b-4afc-a132-25237780ac72 b32dcc7c-7e63-4a1c-821b-32acac4808c5 e962b0d5-20f0-4037-a48d-e6f823f0ce70 58a89b66-bba0-4999-bc01-a6529335c5ba 65d8762e-5e6d-4f8a-adf7-14e7da48c773 348cb722-e43c-47fb-87c3-87f431e230cd b3bda008-5165-420c-b1e1-3e14dcb3260b fbd8608b-2ff3-4efe-975b-40a10d9a6de7 59d0e3a9-a16a-4cc7-b708-905a65ad69f8 55eac3d8-1d91-407b-92a0-771bd045da72 39b50ac2-9f33-4b7d-92db-e7bb5b717220 699e271c-e5a6-4efd-b92f-8a6344dad2a5 2fcb162f-291a-4df4-ac45-29628cbf1c84 2e07809a-a866-4248-98b3-79c5ca6a7d2a 9f29dae5-f7f4-4a3b-891f-48746b836715 88975d45-1f3b-4473-82fd-5589f4b1e2ed f8bdf393-3421-4f4b-8b19-712a5cf70149 57c8f8a0-b7f7-4c58-b6fe-f54f77c4f294 b5782d54-f0de-4d73-a5dc-b3b6d0d07233 c28532f2-5f41-4360-8c30-6ad1edaad5d8 d8dc171b-db2d-4733-913e-0a5005727384 610f3b0c-462b-487e-9708-4688267c8284 cbcf183e-5f67-43b7-8bd4-41fccadb7d98 5539078b-bf95-4f81-bb6d-e14a02cc5d41 21eb2e3a-3384-48b3-931a-c95de255daab 3b89f609-9e68-4bee-a0c0-7aeafcb0e965 7f758cdf-a41e-4929-b29a-560d045dfcaa ca1422c5-9ea9-4c27-90d9-1bb5c07c736a c0bcb5c1-2a5f-4472-8574-1ec43aed5fcf 53ba408c-b71c-47b5-b460-0ff3fa7898a9 92944fed-aa8b-41cd-83ea-a6924c75bf95 48babea9-55e5-4157-abe7-681e57779d52 2212a3c1-8811-43d4-8a31-f2f5f0528890 6b1bfdeb-53a9-4012-9924-a7a7ca5e01b0 cb0370cb-4b72-4764-8168-abb8ad358f0d b63930c2-9993-4361-91a1-2a7f48c71145 f6c60d38-ae77-403c-b56c-5b6840e259e4 2c5f89f5-eca1-4b3c-a215-d629acdf35a3 abf051b8-6870-4299-ba59-e3ed632dd5a1 3b8f3b96-80b5-4279-89e9-f6a3b6d601e3 27b7c360-6ce3-4b0f-beaa-25156ca27681 87205c58-237f-4b46-9034-ca3a5e5c6463 8832afb7-febc-4a07-8835-a6aaf9fb995d f7f79da5-d217-4f5a-a64d-9d4b76fcb2d3 59335980-70a1-459e-9e47-e95fc535cfd6 9a80fdea-3357-48d7-b6e7-77c72b99ec56 65ff2ca3-3dba-42a0-a770-0435c4debb68 6dca7b46-f8bf-4253-95b5-653fe6e78b47 ce842c48-6464-4ce2-9a69-256fe047d47a 6f165113-ff89-4eaf-a66e-4d556e3ab4b9 7d916e7b-f482-47fa-99e9-9c49dcdfa979 873e4117-2967-43d0-96d1-7547f0583848 75320996-03c8-4819-a99f-afcb3d8d8199 fbf7a066-4f44-4b42-8dd0-ad4b1afc2fc1 1a6bf646-1ab5-44be-abc6-5e33eb05575e 8014ea1d-e9de-4114-b3bc-b8a93ce33e85 88497f0e-a99b-4e9c-bba9-3025f940104d 505e5383-79b4-4fd4-b79c-1e3226e2cba8 6b5ee9f6-be2e-4258-8b10-7fb62ccf5d9f 39dde11a-b80b-407b-9c24-0a3a57e93dd7 222f6a2d-d399-42d3-9194-9af1df6d6816 6d4b8aca-6d17-4728-8467-264b7c98330a aa10d033-1a92-48f2-a209-bc93fd53c7d0 19f36e8b-c12f-4fcb-8a8b-9a5440643c2e debc1a33-f7f3-490e-8cc5-21d3f92afd97 0c8791a3-5d8d-4dbd-82be-22759e660704 d0266b23-ed51-49f5-989c-1e3ecbc99ae3 74ad525e-55e0-4fba-8ebe-3d2f5b558391 c7452d6f-f071-4663-8950-27abc2342fa3 c4db45c4-36f1-436e-9c5c-d21537448ebb 9d47a459-0a98-4cd7-be6f-e90d0447ae12 8fd7ebaa-b3ad-4b1a-bca3-440ef8aae7ae c515b945-a41a-412a-9092-828a1349675b 1feb23e4-0714-48b5-a950-98ec4fbaceaa db24274a-4c92-489f-ae96-b837a8f1783b 6ff13d06-0875-481a-9041-1906b24a26c4 aefd8e52-8a7c-4980-95c5-acaa15092aed 1fc1989e-e266-45b1-8022-fcfcf7a860f7 13502378-317a-444b-a0c1-f59b52149636 4f7c19d8-d3d3-4528-aa04-bfe7e321bd81 634ebb76-4ec6-41e0-ae0a-1f9d783643fa 51a4d328-bfb0-443b-8df0-87ce226d21ed 6ab044e7-3e3f-4928-834c-74ca61d1d28d d3153cf1-2ed7-420f-a6e0-f41e04a632c6 042447ff-9fad-4b1d-b896-f842cc4f1b8c 9941fb2c-dcaf-4224-a716-2f9d5e6c7b19 ff7f0067-361e-4c77-a66f-9173ab592e18 b33761ee-db21-4f44-b317-24423670044f 9a903218-2f8f-49d8-89b2-7bca05a9cb41 4c8f6670-12fd-45ab-b1f0-9d71d9c5c217 ae9710b4-f1ca-491c-a778-d5bedf8d332d f6d16276-e1c5-4c3e-9555-54e880b45ba3 283adc53-c7c9-48f4-a20e-b8b08a5f2f4d 62666dcb-b658-4d7b-a393-b6fdf83d0162 3ae30f0f-d6d6-4090-9424-a923f673bffd 45942eb9-f477-4e8e-8596-cc89c2f2f92a 26f8e99f-0908-4578-b6a7-dd52b94f0909 7870f92a-8ca6-4ddc-8fe0-e65825fe59c5 a9baa4d1-46f1-4a5b-92d6-28741190c635 f11bf4c3-71d7-4258-855a-7318c6871fa8 92223d89-de6f-46ba-98a7-f1cb72f623d1 96128b3c-5c11-4606-b6fa-4a7e0f920d9b cad843fe-7942-4ea1-aa33-2b3612833747 2b27c0a9-462c-44af-b2df-2ea2dd51eb85 03c3b6f0-6c55-404e-821d-6f0173429f5c 33c08223-8f49-4362-8814-31293537dc1a 106b6220-5803-4e7b-954a-6b1188b9b6ea 365188e2-516f-4973-a2d3-a759ccfc4f8c a3f460e8-3a8f-4757-907f-f137bf4185ee f94ec689-a8c4-4da5-82c5-4023bde580d0 bc8c5f49-e5b8-43e5-8ac0-0f8090b7a662 3636782d-0319-497c-9dfe-f26c75d889ae 5eb1f0fa-e841-4edd-ac66-c353046af877 d66ff3a6-6c46-4bae-9425-88c155cf5ca9 f6823d9b-c6fc-4912-ad07-7546ef4cf95b 4b923d3a-9470-4cfc-9adb-9f126a416dff c296d98a-b68d-447f-b2a6-71783a7d5bb6 b566f6e9-4d80-46a0-9e1e-97b599054818 dc164010-3340-4649-8a43-92931ffdc5db 600c99e9-5001-4d62-956c-a226f60a63c1 0e617278-fe0c-4178-8bf4-90b30b39d338 574f5624-27c4-4c5b-8bcf-df7fece1ae6f 56397234-1bbe-4354-89ee-2f7a0f981220 5b3a342e-36c8-4014-b289-2c0a4c0b0c73 d56f2e13-0332-4367-9ff4-f3c33475b71d c1c76069-75f1-43ba-a184-8ad40ec3c844 48f004d5-de82-4d4c-a3ee-444e28dca80f 6173911c-9de1-4dc9-bdbe-d23faeceec92 c68cefaf-f3fb-4e2d-be3b-e039e4b919b0 67c2c8d4-c36c-484f-b91c-6df09bd4bfd0 2ef9c15f-3910-43c1-b013-83d8c4fe10e3 a5f634a7-6607-41cb-9df9-f33853b3f321 fe03070b-6584-4079-8043-986a992be018 bc523182-7f93-42bd-b426-2d34cf909bd5 1df70c21-35a6-4431-bf38-f291e51e3bf9 7edd6740-e657-40b2-b2fe-96e846d85001 662e6a22-ad5f-48ee-84ab-04ee2fb83813 a1b67762-1b1c-4d99-b23b-c42f81af7b7a 6d38b146-ab3a-4b52-80ef-d977347f000e 771098ba-7af1-425c-95bd-c1e6aae2d085 a17e58b8-603c-4fcf-9c9a-2c70e6dbbcc0 fcb0493a-0663-49e8-a7b1-4c2afbbfbb11 276e1a9a-7bd4-493c-8084-1311fc4b8caf 21a03ae4-e61b-4c7b-b00e-12e4babae287 af3d2823-d41e-416b-837e-28bebd3321d0 a6877833-1d34-4caf-bbc5-d8b7bf612e8f 0b662277-f146-4af6-b2d0-1c7925127542 9f46658e-eebe-489e-894f-58756b04cdda d7f0c8f2-b292-48bd-8af9-3c821f28554a facfa912-1673-4e63-9b4d-b3558e184698 7cef5265-2400-46a7-91ca-5325b1c8029a efcb0ae3-6ff5-4a5d-9cd0-34986838629d 3b09ceca-f2bd-4b38-8a25-f048db455676 62bb5dcd-3189-4d26-a10b-7145c9868c96 375cadfc-c35b-40c0-8ff6-ffa5e4b44092 08d134bd-2fb5-4627-bd51-7ac05406b62d 5c9115b3-5424-414c-8b76-dae019fddc27"
2025-11-25 20:06:09,Star,4856,386,92.05,"5d3747ae-12ce-4bb4-b0d3-e837b04d17b2 c3967501-62ae-4443-9f63-765663490075 2fd6b318-8a45-43af-806a-b222260b4b23 840c30c3-0cb1-454d-b436-5b7f157c9805 5a08462a-dc4c-4da5-8806-c317800fb14c 4ce6003d-f4fa-41ea-abee-ec48ef5267ed c9447a72-fe2f-4bd8-8cda-b40fffcd8d81 6a4abe77-6e98-402f-90bb-568acbbe3f9d c5f9708a-a3d9-4bc3-84f6-bf064d12c227 8fc0c5fd-f93a-4957-bba3-9a62c266144e 00ef9f6d-ddf3-49b1-82d0-201ae461dbab 87c93c08-40f9-4742-af5d-3326d567c2fc b7fe9410-0171-4092-9bea-995e96e5ebdc 995089a8-bc2f-4c91-a604-f8303c91c27f 54e37c32-e619-453a-b528-a13440698401 7d3ab0b8-0df8-41c6-b3cd-2d4adcede55a c1119e7f-2df2-40a6-8c7d-8d0c2bd77fdb 6b10cb63-0761-4a9a-af5f-53857851ebcc 4091d982-264c-432c-8c5c-8ab6ae57eaad b6039f17-8f38-4dac-80df-4032488aac12 cba74755-72c3-4fdb-a31e-0f3ebe9ec772 c4645d50-9da8-4522-a6ef-a16212ac709a a3924f36-438d-45ac-883a-1d591bcebd52 6e408c28-ae91-4eee-8079-22db7e3898b7 c42c0a37-bfe4-42db-902a-1f2a32827774 13b8f58c-bdd0-49bb-85d4-376d5ea2b57c fc87718d-81da-48e1-b9d1-e0c2277b8c57 41d67ea5-8079-4d2e-95b0-72d528a1ad65 2d5f5b73-7119-41df-8d10-e9b96561ffea cc02f2f4-9b9f-4351-9fee-e20ecde762d0 b86e10bd-7382-4bc2-8e9f-f19185a2f0c2 9999f693-247b-49b8-87e4-e788d327fca7 1c1017b6-7244-48d2-b168-a2cdf681d53c a23ca270-f29c-41e3-a90b-9d257fd400f2 2c299803-4015-4478-ba38-bf30efabf44a 4253aadc-1f6b-4335-b537-84fb3aa1cc95 1676a3de-f2c5-43fa-b4da-a98536786341 47852d04-79d8-4aa7-96ee-bcf7da2d41f2 67b85e30-a5cb-403c-82b8-0e2a78e05ef2 68780b66-7863-4cd1-8eb0-53a956c438d7 4ed1beaf-77c6-477b-b7aa-4d242b0c526a 9b2ed8c3-3116-4ca3-9d13-c4921077feab 527becf9-f7ff-42b8-b17e-9cb93d11b7f3 2d68d9f3-bc1f-4faf-a4b0-7907dbdfba54 00670073-1cf9-4a8c-a2e2-f849e0f3bf2c 9097c137-e6f9-4da0-b7c1-3935b64c8a0f 60dc648a-e5a9-4435-8506-1723cd20fd0e 40dd9413-4746-43b8-9aaf-1268453a8b72 deaeb0f5-8b04-4fca-8898-d501a50254df 6ea31d84-f75b-4aad-877d-10c0b86ec333 cc7991d1-0fc6-442e-b127-773d914d2967 d8a8a190-8977-49c2-b351-f46a95accec5 1731216a-9813-4cde-9801-a81d87c1048e d6b9f1c1-d403-46da-9219-c65934863a9c bd13e313-a305-48fc-882d-e1b541bd4fba 98d8ceaa-6caa-4168-8284-7ccea9db1647 228ab0c1-749a-424d-a2a5-9ffdb16eddaa 579acc60-df58-413f-8622-11e6ce624aa6 38dd8eea-1237-486d-9272-cdcdd166c466 b21beafd-24c5-4e22-9db3-90455c3b3860 190a936f-632e-4e89-8835-60de0f52e741 8863a302-08ba-43de-9f5b-1f0a377eddf0 a9621624-b8e0-4b86-a1c3-9168450a674b 30f5e523-8bcc-426c-8bbb-d3a6c21c450c d1900586-fd0d-40b5-8190-046af213826a 863aa104-524f-4e99-8f12-6ae26e1970dd 146ae326-f8fa-400d-918d-a18265a5e571 d501926e-b185-49a3-8d8d-eec6a26fc241 5972c757-ecb8-402c-a06a-383acbc88d0e f0955c1d-67e4-4f14-9e92-f05108460cf0 708ee02a-79e5-47a4-8ca2-e17e3b245042 c212d5e6-d4de-42ae-8d97-084cc18619cc da99bb24-e847-4eca-8bd8-55d1d8e36703 09520a2b-8a43-4744-9207-063dafde442a b76e6573-dc31-46f1-b76a-975733214c26 39c0cdfb-99f2-4cb7-bff4-ec79aafd53dc 980db041-6ed2-448b-9408-1fd6a7a7b7a0 a251ee2c-2356-475e-896f-dbfa94353544 122c1d9b-e56b-44a2-81d2-22999e960a3c d7d54e4f-7814-40db-94b7-f64fb8d8d63e 67b40640-a92d-40b1-996b-e3d304b88b9f d82d2747-d5cf-422f-ae23-ca5a6e8f4f37 24ae8719-0350-42a7-ac5c-ecd0ed7dae14"
2025-11-25 20:25:59,Tree,4739,386,91.85,"3664e5b3-1e89-4536-aa3e-20d41420438a c1b578cb-1146-46ef-b37a-6bf70e6983e9 57370d9f-63f6-4ebe-b703-d96ade0782ce fa34d659-b696-4cf8-9278-b014d95aa910 1a7e7203-8f54-4651-b819-d245b9d7f989 635d2a37-1fd3-444e-bec2-0c3e7d5b4da6 f4e81ae5-053a-41de-8f2e-19a9e117f43e 7f314de4-ae2e-48c8-98b3-d3cb4631dfbf f1183d45-854c-4ff4-9217-9f35873e16ba 3e95591b-68a5-4883-a5de-abc63519fc0a 0e95748f-bc65-42d7-9fea-cbe014b86a8d 28f71bda-57a4-4d09-a8c7-1623b553b571 0d8015f7-8cd6-4444-ada4-96d2f053d275 3eeb9662-536f-4500-b093-589d0bdec460 b368c2d5-98fa-4a1e-bc27-65f9f3830e97 16c55d80-2526-4370-897e-d4b2b1c446d1 3f0b84c2-bafa-4558-a588-1bc475155b65 befd29a2-7c09-476f-927e-b77e4143f5db f091e7bc-a5fd-41e2-a19f-5371768da9a6 be3f806e-ea90-42a2-bfaa-45f4c855d82c 80794e3f-171f-4a63-9018-3aa99350f4ea 6916556e-ade2-44f8-95c1-7feb3f9a38d8 c9c226c8-1d5d-43c6-92c4-6f488c4c0131 b22167da-7630-4a6c-8c64-80a616c1e55e 1d172605-30e7-4055-9f2e-b51dd4934cdd ac56d210-f88b-46ce-9f10-cbddf9f13400 2e137f62-2324-4dde-9f3f-f01a708fd362 4f6ab95e-8bb6-4e23-a306-d5938fb43099 eab21524-549f-4223-8965-f03dd3bf9fbe 8e6348cb-25f4-44ca-9155-7079154f2fb1 1ab5312c-9e02-4332-8492-19e7480f22a4 73b60ebd-7ea7-49b1-8adc-22a40c827c57 b25ebcc1-b21e-441f-aea4-c509a3fb4782 f3aa6feb-344f-4e09-bdac-f97103265551 5225504d-62c1-493f-a9d3-99cd2eeb5802 95e82681-bd19-491c-845e-d419e427dbcd bc749843-d753-47c8-bb5f-b858b304bb2b f4354e82-9d53-425a-b6ce-c67b6a9c3231 f8cf4589-aadb-4da9-a211-37f16538a749 465cdcdf-29a7-4b30-a566-84544076c304 67ff234f-4596-4a91-be4d-57eaacedb957 cc3730e1-c63b-441a-8539-e514595e641f 6620fab0-9517-4dfa-a7f0-ea46e279c80f ad511edd-55b0-4bcc-a0b1-8e13ee965847 f80e64e1-ab7a-4053-9d8d-e50f76f8a0e8 49ac696b-69ef-443b-84ec-bbe4623b4fe7 9e4b0207-e789-4c69-aef5-e57f514fde9c 571d3b60-8377-4b2c-904c-0771bc91fa85 97f7528f-c5a6-45c9-8582-ca33571e5072 b88ac04e-25c7-4308-892a-708f4e8695a5 4a4834a0-55a8-4eab-9f87-a2cce2209ddd 3e234583-7386-401d-823a-14bc5e21c3eb 18358d85-51f9-44dc-ab11-44635010759e c2229307-fc86-4af1-ae28-15b5dcb9511e ff8eb094-9d65-4fe4-8e8a-273f98528d4e 12ca2a79-85c7-4fef-9c90-24aef458d066 756fab07-36a7-4716-aa9d-f56694194268 cb2b3682-fe75-444a-9e85-c33b1b66ad7c 83c7af53-ff2f-42ae-92ef-f7b6306bfa0b 8796d096-1c24-4f6c-96f1-008526e5c584 a9a57565-4ea3-4104-be56-2183afa531e8 bba43215-bc14-44c0-8a79-63c90eb6363a 0adb2c2f-8565-435c-be22-472e203ce5a0 fb1ca27f-37d7-4737-9e0c-911ee43fef20 17568b8a-4fdc-4e98-9dac-4c1c1c2830e5 b5e56819-a4b7-478f-868f-86a8600556ef 1310304f-fd7b-4588-8855-741d022ef46d f958f30b-839d-4890-a37f-89ac0189a649 3221dc4d-2df3-4344-99f6-2ece7a9d1fe1 49ccfc0b-9d04-4f2b-abd7-975d220f6063 501d8818-10bb-4be9-aa24-a372a4a56a60 a2bca5c4-6295-4f78-b90a-a937cf6e932d 1a0526e1-29c7-4af7-9c50-191d71074f21 95a2efaa-18e6-4569-9397-6ad6bff4f1e8 e96c52d5-aada-4460-ae66-2b4dd727678a cce67a5e-d4e6-4669-878e-fbd2787a3827 dd498a59-fccd-4e72-9960-99ca10dffa5c 07d80824-2914-4003-ad66-9a973934f675 38dd2834-4e5f-4dea-8d2f-167637a7c467 e133984d-4531-4dec-b09f-2f67905d5cb6 33e8ade8-d99a-4955-9e20-cf9f3ec18c88 f428288d-c577-463f-be60-43f8cd61ed69 25c12563-4cc8-44b4-b487-16d5f5254a20 6e153cfd-74aa-4ec6-b7d5-f76394379dc0 29a0e15c-c3af-40f7-959d-a1cd8e5604fa 44d022eb-b5ce-46c3-b602-5a444a95c5e2 77b3b6e1-0caa-49e5-9d22-1b56524c4c7d 885c40c4-a39c-4afa-a4c5-39c276c3488c"
2025-11-25 21:04:19,Star,4826,378,92.17,"6b10b180-db13-4e4f-b3a7-aeef673eca71 2e84ed1f-87db-4a55-9233-c7178226a5c8 622a64cf-1008-4795-a966-e0089cfa5cbf 847dc8d7-231f-4f29-b4e4-3bf8b22a26cb def8b1a7-d6c6-4785-a072-645edf3af9e5 9b576c82-b946-4053-8692-295dccbb824e fb69ee53-e0db-4307-9bf0-5eebe2d4861d 630b32bb-3cab-462d-9958-cdcc2dc73e06 d14f34ea-3736-4652-8fac-322868554aeb 1b4e516d-4c34-49dc-9ffa-114aba2647ab 7d3e9307-5767-4d1c-a242-ab8ad1f7ca08 1c91a120-f5fe-4376-818a-55cd0dbb36e9 13164c3f-ff29-4f02-8bb3-dae16a3d0933 2f15ceb6-5dc1-485d-9cc7-b200dada7aa1 3ffc7dfd-167d-45b9-9255-866ab1499063 2823c35e-81fc-4a2d-b391-4757f6cbfaca 93f4bd31-af08-499d-ba4b-fab304892e8d 51b576a9-9a4d-4d83-94ab-bbe709d08ef0 af932e19-1929-4259-9297-72cbd05f1cca 8c1b8238-22d9-42fc-92fc-9c4faab53146 dd615045-16b4-473e-8ff9-93a90d1a01d1 f9e9ef60-d4c4-4645-8f7e-d78ea4085371 f4927908-0d85-4375-982a-d0f3d18bf660 f272dbdb-01ae-4be5-bea2-16f29030c61b 185d6f23-e556-4532-8f83-1d2874867786 29fe63a2-a0c2-45d3-bc6f-bc81f3412865 50784ce0-c639-4478-952f-4cb09c2eefed f2c74df2-d7d8-4ed0-8b8e-a02a6c2d771f 19b0bb21-b021-4f18-8c1c-cf9c01fbab1a 6b267009-610f-4f27-bc80-45eb5513e70a ecf45298-5d1f-4319-989a-879adbc87216 acf8eeaf-4ee6-4334-bc76-fd708ce65e04 ba99e6b5-3ae3-4c0d-bcf4-de7352d52894 76293c35-b079-486f-b6a2-07b1fdd7a266 ccde8230-f43d-4b0f-9c13-050ded63af53 67c11d9b-a36d-4c61-acff-eb83067e09d2 f4a75e2a-ffa5-47c7-9ec3-759b536cd615 523ba744-4eb5-463a-812a-5fa0a934b10a 187444a5-ee53-438f-b02f-db21c67b3d53 355675cc-9d6c-4e1d-a417-8c52caf9ceb0 7981fddc-f746-47d0-bd4c-7a72a0ba124e 1b0c323c-8e25-4dde-9bb2-24fa742447e8 cbc56b73-663e-4c59-b0ca-df14539afdb8 186d8944-114c-481a-a57b-00a177e9ca02 ad320d4b-29a0-47a4-a92b-6dc21bc04cb2 5ebdc7ec-1fd6-48d5-962d-844e175568b3 82096a8e-548b-4e97-83a7-b1d0f0d82ef7 1ab4aa41-e29d-4da0-971b-4c971258e94d d0e7de04-c721-4580-ac0a-248c4ff5dc11 529d6ad8-f908-4d03-ac81-637e0e457b22 f3b87847-3eae-4dbf-b5c6-1ab67a950ccb 3c334d93-29d7-4e35-87eb-d636e96e31b4 ac8f42ee-f5db-45a8-88f1-b21c7514fad7 273c56c7-ef19-4a0e-b8f7-7fc81aa5cc3f b5a02033-4fb5-4d32-9144-0b205805a8ef e6dc64fa-15b4-4041-ba42-a124c26bcf8a e5749638-8d07-4859-9e00-33bbb03fd48b 3cd1c3d2-1c42-43b2-aaa3-b5a8b27340d5 fbf2346a-8b38-4339-932b-0ce201d7d3a4 d67ab87d-2074-43c8-9bd3-e59a1a23f966 c74fda09-1f86-47bd-91d7-c24afe57c540 5c2bcf26-30ff-4da2-9069-c3d8af3a8d65 d307e25b-30f9-4478-be70-9e6bb95ce542 e7df11ef-1de8-4f53-ada2-d58c73da456c 073328a6-efaa-428c-b1c6-087bf12e8c76 a9ff293f-dd1c-4313-929a-56a232964943 43b8a3f7-b7d6-483d-a259-9b3a6e5a380a 313cbd50-a5ad-4947-8d1f-4166b3a31f19 1b55c486-66e5-43da-9665-878727690b6d 77b381f8-f51f-4541-b5a1-05a211b48ca1 39a2225a-6bf0-4627-a6bc-cc5d90f22661 e22ad7e4-54d4-40bb-9ebf-73273ef681b3 6e75dd9a-d3f1-4db5-8e1b-a96e003cf462 d4f957a6-26a1-41b3-aa27-a51d55f23be5 0cb96097-005a-449e-be5e-58edc7fbeefd 7609c2b9-b6ff-4501-a014-9d7b52f98781 0b83152c-c4ea-49a0-bdf7-f81cad82bd28 27d2efe3-0cb8-4758-9d0e-dd2b90c1ef64 d9835a18-e5ab-463f-95fe-0f9ce176d43c 30f5aa14-52bc-45ae-8724-b06ad17d5c3b be368275-1dbb-4972-ab0a-e13b792ebb28 f0f61773-a9ce-48a1-93ba-3ce21a4932e4 cbe90efc-815a-46d6-966b-2f5fde346e3b"
2025-11-30 21:56:29,Tree,65,2,96.92,"4747e37f-ea98-48ad-bc3c-4e0388ccd220 07427bb7-38cd-4692-bd6b-3282007d42a7"
2025-11-30 21:58:58,Tree,32,1,96.88,"7a2b5d45-71b5-4bef-b8a1-880a3613f941 233ecad4-7a14-4073-ac3b-dee0b1996795"
2026-05-04 22:34:24,Mesh,101,24,76.24,"290492a7-aeed-486f-b4d1-fec14e0796bf 439e3af9-b7bc-470c-a8c7-bb6af1e384b8"
2026-05-04 22:36:41,Mesh,109,28,74.31,"01db49bc-15b7-497e-a618-10a18a41a535"
2026-05-04 22:38:45,Mesh,182,56,69.23,"0d5442b7-966c-4c98-a9ff-5872fe7a8f68 db0271cd-b91a-4ff7-abd9-78ee4aab0449"
2026-05-07 11:10:38,Ring,217,82,62.21,"cf690908-ac5f-4b90-9399-2f19e79955ff 9f771090-a408-466b-882c-56d721568461 d5c0db54-cd4e-4b9c-8f62-1f1c8561a2bc 2f84340a-6c14-452c-9915-c95887909b76"
2026-06-01 17:23:31,Mesh,4768,395,91.72,"a6f2c2e9-e7a0-4541-97eb-cb6325b6dfa6 28541fc6-a21e-42f1-b699-1659de6f5ec6 e5607d22-19a4-4476-b909-8b3cc1441884 0cffc6f1-db47-4eb7-b0fd-9b5dc509c2f9 7dcd4b0b-cb01-4f4e-95b6-3ff3d948d0e2 78188140-c644-4bfd-acf8-91cb3542af5c 26dd3bb7-6796-43e4-84c1-7b6f1097ec62 c4dbf8d5-0b54-4684-842b-5b8fe416a842 b5db921a-c1db-4dac-a238-e353f9e57760 6c28e246-b15c-4b57-878d-1b180dc8bf57 a68505c3-8359-4bf1-8bfd-6565055235d6 c2e90d3a-863b-4562-9c66-c42ee3d40bc3 239c77c5-546f-48f4-99e6-2617bab38aed 07f36f0e-1e45-4205-af69-24557a856bf7 5895bc13-a0dc-4669-be35-1c402b1fd6db 261828ed-360d-40e2-bef4-997d6b2d118e 92814c90-8256-4953-bc06-494a6034466b 0ce01e5c-5ce2-4fd4-8689-b0eacc511b4a bf0a1038-5b10-4e63-acf9-0b11129e55a3 de800a76-c8ad-4a56-8cf1-d319f5bbc9da dcb75256-39fc-43f6-a0ec-777015d73753 40474183-3ae1-44bf-a245-7e52c4f4d01f 237c9cf4-c201-4a1c-b0ff-601bfc099f23 03d9889e-fb16-4dca-9afd-17fff5f599fe 81758efc-939b-4e3e-b5cd-22cd6c7cc164 0dab3f85-65bf-4459-b55e-2c5d6452f16f c768fbfe-f518-457f-aa0e-ba00d9dd371d f4e47e8a-40a5-4c59-a819-4856d6e76da4 59cd13c4-5bb9-454f-a3eb-d9a81a624968 0600aec6-9194-4224-8cbe-375cd95953b2 cf3c69ac-58d5-42f2-b710-f429c9c451f4 a2f01036-872e-4e7e-9913-86709447299b e0b88a31-cb85-420d-b8a4-3befedb76250 5c03273d-6b6a-4d87-8353-c10d5fb73b64 3287e2c3-340c-4413-91c8-28772f219114 c5f5a451-8369-4edd-92ff-f85d73e667f7 ad990e4d-ec98-4da9-bc99-9be1f0e68711 869e1952-56ab-40d0-9007-6aa99e00ae43 908a711b-9a1e-42c7-a050-37b02953eb9c 16266600-163b-40a6-ac87-c9944bec45d9 a8053f00-2365-41dd-abc4-9693f7653d8a 8f8fa25b-4910-43d4-9390-2aaeaacca9f1 d13be2cc-0304-4215-8fac-9d2bd4269642 aec4d74d-d3c4-4773-9c07-26df3b743613 7a4a3a1a-2cc9-4d13-b5dc-3604634e5226 90e37926-12da-48a6-9a54-9b0b80631241 992f37f3-b688-43ba-b4e1-cd707a3ac7cf 8833047a-ee21-437f-8af2-c7cbda70f656 597d76e6-ef78-4abc-95eb-1db7a3618d79 3022dffb-6faf-4aa2-821b-b5725eb3b97f 77689412-70be-443c-a312-b60c81d75283 62a10120-1738-4173-9636-bc9170a36ad7 858d3083-a14c-488d-a675-bbc939e7be36 b4e77f5d-0e32-4c88-bd75-adb2022d758a 40415591-6e95-48ec-b12a-334ac72e2bc3 5b60cdb7-589b-4557-8c41-83066f205b03 35e0f889-4bfc-42c1-b475-acfd559b653e 79ed4433-f754-4cbc-ba85-bf20b3859c3b 1ce4c594-3c43-4d81-815e-91fcfab8df44 02ee4a20-68f7-45b7-b4e9-cde57c150bfe 29afeb59-2861-4e01-ae53-fa3d8054c196 b7bd9f3d-23d1-497b-85f0-281807422a72 dbf3eea1-1233-42e1-ae65-5ce9afea1896 c0001454-13d6-4be2-ab29-5f6d308c12c5 607f3d47-7530-432f-b4b8-ecffe8d799d1 f5c0bcfd-9737-46bb-8b8a-5a52b59bb791 ef758266-741e-4a39-81ef-0f9bfc35ca96 02b8d940-c067-4cdd-bf40-e7b782a62875 8c065b58-6d0d-45f4-ac73-5501105ceae4 d1a91ee6-6e41-4407-b093-46ac72776afe ce506cf2-0322-48c7-ba28-5f7ad91d0d52 1bca2fe3-e5d3-4470-a5b0-b49e4efab798 9100aec1-1df6-43ac-a6e9-70748a8fa4bf 25d41c34-7eb0-4f8c-bcc6-82135165e1db 4aaccea2-09ce-4a88-b967-4bc7786d6d4c f1aa2867-c1bd-4ad6-9579-96fba8ab7232 bf0b3b35-8214-4826-9d18-f1a56a1f27c3 adf8ed66-9229-42c7-ab43-2e16981c69f6 06e43ce7-57c3-4b8b-a547-092d7b4ece5e df06a8cd-4192-45ee-81c0-376b3beea02d 0daa166d-fc70-40bc-86f7-de63256a3cb0 dcb64deb-6d69-4a08-bea0-4a5a20f84d1c bfab9cd8-3482-4982-8901-3a30f6558d09 0a9c31b2-6432-4927-bfc0-fc08285d5aea b6cd233a-036b-4745-956a-3a94e44aa356 bb520643-5a33-4703-9d5d-53ef8e3533b5 3fbbd36d-bd76-4336-ac5d-d988f59a69ac 9f8e9609-72c3-47a3-8f03-dc3ade96259f 5173c2b6-3313-4c8e-b1e5-58476cedf404 4b182c8f-2f68-4757-b846-f888bcce9090 0db52903-7b27-4d72-a2ef-c20dfc899a4c"
